schema_version,form_id,route,section_order,section_id,section_name,question_order,question_id,question,decision_domain,purpose,response_type,allowed_values,required,condition,validation_rule,agent_instruction,evidence_expected,output_object,response,response_status,confidence,evidence_reference,assumptions,notes
1.0,DS-FORM-001,BOTH,0,CTL,Controle e modo de operação,1,DS-FORM-001-CTL-001,Qual rota deve ser executada?,governance,Define form_control.mode sem depender de escolhas visuais implícitas.,single_select,ZERO_BASE|MIGRATION,YES,ALWAYS,Exactly one allowed value,Use ZERO_BASE to ignore the current visual system; use MIGRATION to audit and selectively replace it.,User selection,form_control.mode,,UNANSWERED,,,,
1.0,DS-FORM-001,BOTH,0,CTL,Controle e modo de operação,2,DS-FORM-001-CTL-002,Qual é o nome oficial da organização ou marca principal?,governance,Define brand.identity.official_name sem depender de escolhas visuais implícitas.,short_text,,YES,ALWAYS,1-120 characters,Preserve official spelling and capitalization.,Official record or user statement,brand.identity.official_name,,UNANSWERED,,,,
1.0,DS-FORM-001,BOTH,0,CTL,Controle e modo de operação,3,DS-FORM-001-CTL-003,Qual é o nome interno deste projeto de identidade?,governance,Define governance.project_name sem depender de escolhas visuais implícitas.,short_text,,NO,ALWAYS,0-120 characters,"If absent, generate a neutral working title and mark it as inferred.",User statement,governance.project_name,,UNANSWERED,,,,
1.0,DS-FORM-001,BOTH,0,CTL,Controle e modo de operação,4,DS-FORM-001-CTL-004,Quem é o owner responsável pela decisão final?,governance,Define governance.owner sem depender de escolhas visuais implícitas.,short_text,,YES,ALWAYS,Named person or role; do not invent,"If unknown, write NAO_DETERMINADO.",User statement,governance.owner,,UNANSWERED,,,,
1.0,DS-FORM-001,BOTH,0,CTL,Controle e modo de operação,5,DS-FORM-001-CTL-005,"Quem aprova estratégia, identidade visual, acessibilidade e produção gráfica?",governance,Define governance.approvers sem depender de escolhas visuais implícitas.,structured_text,,YES,ALWAYS,List role for each approval domain,Do not assume the same approver for every domain.,User statement,governance.approvers,,UNANSWERED,,,,
1.0,DS-FORM-001,BOTH,0,CTL,Controle e modo de operação,6,DS-FORM-001-CTL-006,Quais idiomas e localidades precisam ser suportados?,governance,Define brand.locales sem depender de escolhas visuais implícitas.,multi_select,,YES,ALWAYS,Use BCP 47 tags when possible,Distinguish launch locales from future locales.,User statement,brand.locales,,UNANSWERED,,,,
1.0,DS-FORM-001,BOTH,0,CTL,Controle e modo de operação,7,DS-FORM-001-CTL-007,Qual é a data-alvo para o sistema estar utilizável?,governance,Define governance.target_date sem depender de escolhas visuais implícitas.,date,,NO,ALWAYS,ISO 8601 date or NAO_DETERMINADO,Do not invent a deadline.,User statement,governance.target_date,,UNANSWERED,,,,
1.0,DS-FORM-001,BOTH,0,CTL,Controle e modo de operação,8,DS-FORM-001-CTL-008,Quais decisões são imutáveis neste projeto?,governance,Define governance.non_negotiables sem depender de escolhas visuais implícitas.,long_text,,YES,ALWAYS,Explicit list; NONE allowed,Record only explicit non-negotiables.,User statement,governance.non_negotiables,,UNANSWERED,,,,
1.0,DS-FORM-001,BOTH,1,STR,Fundação estratégica,1,DS-FORM-001-STR-001,Por que a organização existe além de gerar receita?,strategy,Define brand_definition sem depender de escolhas visuais implícitas.,long_text,,YES,ALWAYS,Non-empty; specific; no invented facts,Ask the user when the answer cannot be derived safely.,User statement or approved source,brand_definition,,UNANSWERED,,,,
1.0,DS-FORM-001,BOTH,1,STR,Fundação estratégica,2,DS-FORM-001-STR-002,Qual transformação concreta a marca pretende produzir?,strategy,Define brand_definition sem depender de escolhas visuais implícitas.,long_text,,YES,ALWAYS,Non-empty; specific; no invented facts,Ask the user when the answer cannot be derived safely.,User statement or approved source,brand_definition,,UNANSWERED,,,,
1.0,DS-FORM-001,BOTH,1,STR,Fundação estratégica,3,DS-FORM-001-STR-003,Qual problema central do público é resolvido?,strategy,Define brand_definition sem depender de escolhas visuais implícitas.,long_text,,YES,ALWAYS,Non-empty; specific; no invented facts,Ask the user when the answer cannot be derived safely.,User statement or approved source,brand_definition,,UNANSWERED,,,,
1.0,DS-FORM-001,BOTH,1,STR,Fundação estratégica,4,DS-FORM-001-STR-004,Qual é a promessa principal da marca em uma frase?,strategy,Define brand_definition sem depender de escolhas visuais implícitas.,short_text,,YES,ALWAYS,Maximum 180 characters,Ask the user when the answer cannot be derived safely.,User statement or approved source,brand_definition,,UNANSWERED,,,,
1.0,DS-FORM-001,BOTH,1,STR,Fundação estratégica,5,DS-FORM-001-STR-005,Quais provas sustentam essa promessa?,strategy,Define brand.strategy.proof sem depender de escolhas visuais implícitas.,structured_text,,YES,ALWAYS,Separate observed evidence from hypotheses,"Classify each proof as A Observed, B Primary, C Published, D Internal or E Inferred.","Links, records, research or user statement",brand.strategy.proof,,UNANSWERED,,,,
1.0,DS-FORM-001,BOTH,1,STR,Fundação estratégica,6,DS-FORM-001-STR-006,Quais valores orientam decisões reais e qual comportamento demonstra cada um?,strategy,Define brand_definition sem depender de escolhas visuais implícitas.,structured_text,,YES,ALWAYS,"3-7 values, each with observable behavior",Ask the user when the answer cannot be derived safely.,User statement or approved source,brand_definition,,UNANSWERED,,,,
1.0,DS-FORM-001,BOTH,1,STR,Fundação estratégica,7,DS-FORM-001-STR-007,"O que a marca nunca deve prometer, parecer ou fazer?",strategy,Define brand_definition sem depender de escolhas visuais implícitas.,long_text,,YES,ALWAYS,Non-empty; specific; no invented facts,Ask the user when the answer cannot be derived safely.,User statement or approved source,brand_definition,,UNANSWERED,,,,
1.0,DS-FORM-001,BOTH,1,STR,Fundação estratégica,8,DS-FORM-001-STR-008,Qual é a visão de 3 a 5 anos?,strategy,Define brand_definition sem depender de escolhas visuais implícitas.,long_text,,YES,ALWAYS,Non-empty; specific; no invented facts,Ask the user when the answer cannot be derived safely.,User statement or approved source,brand_definition,,UNANSWERED,,,,
1.0,DS-FORM-001,BOTH,1,STR,Fundação estratégica,9,DS-FORM-001-STR-009,Qual é o posicionamento desejado em uma frase?,strategy,Define brand_definition sem depender de escolhas visuais implícitas.,short_text,,YES,ALWAYS,Audience + category + difference + reason to believe,Ask the user when the answer cannot be derived safely.,User statement or approved source,brand_definition,,UNANSWERED,,,,
1.0,DS-FORM-001,BOTH,1,STR,Fundação estratégica,10,DS-FORM-001-STR-010,Qual é a categoria de mercado atual e a categoria que a marca deseja ocupar?,strategy,Define brand_definition sem depender de escolhas visuais implícitas.,structured_text,,YES,ALWAYS,Non-empty; specific; no invented facts,Ask the user when the answer cannot be derived safely.,User statement or approved source,brand_definition,,UNANSWERED,,,,
1.0,DS-FORM-001,BOTH,1,STR,Fundação estratégica,11,DS-FORM-001-STR-011,Quais resultados de negócio o novo sistema visual deve apoiar?,strategy,Define brand_definition sem depender de escolhas visuais implícitas.,multi_select,reconhecimento|confianca|conversao|retencao|clareza|eficiencia|expansao|consistencia|outro,YES,ALWAYS,Non-empty; specific; no invented facts,Ask the user when the answer cannot be derived safely.,User statement or approved source,brand_definition,,UNANSWERED,,,,
1.0,DS-FORM-001,BOTH,1,STR,Fundação estratégica,12,DS-FORM-001-STR-012,Como o sucesso estratégico será medido após o lançamento?,strategy,Define brand_definition sem depender de escolhas visuais implícitas.,structured_text,,YES,ALWAYS,"Every metric needs baseline, target, period and owner",Ask the user when the answer cannot be derived safely.,User statement or approved source,brand_definition,,UNANSWERED,,,,
1.0,DS-FORM-001,BOTH,2,ARC,Arquitetura de marca e portfólio,1,DS-FORM-001-ARC-001,"Quais marcas, produtos, serviços, programas e publicações existem ou serão lançados?",brand_architecture,Define brand_definition sem depender de escolhas visuais implícitas.,list_of_objects,,YES,ALWAYS,"Each object needs name, type, audience, status and owner",Ask the user when the answer cannot be derived safely.,User statement or approved source,brand_definition,,UNANSWERED,,,,
1.0,DS-FORM-001,BOTH,2,ARC,Arquitetura de marca e portfólio,2,DS-FORM-001-ARC-002,Qual modelo de arquitetura será usado?,brand_architecture,Define brand_definition sem depender de escolhas visuais implícitas.,single_select,monolitica|endossada|marcas_independentes|hibrida|a_definir,YES,ALWAYS,Non-empty; specific; no invented facts,Ask the user when the answer cannot be derived safely.,User statement or approved source,brand_definition,,UNANSWERED,,,,
1.0,DS-FORM-001,BOTH,2,ARC,Arquitetura de marca e portfólio,3,DS-FORM-001-ARC-003,Qual é a relação entre a marca principal e cada produto?,brand_architecture,Define brand_definition sem depender de escolhas visuais implícitas.,relationship_matrix,,YES,ALWAYS,Non-empty; specific; no invented facts,Ask the user when the answer cannot be derived safely.,User statement or approved source,brand_definition,,UNANSWERED,,,,
1.0,DS-FORM-001,BOTH,2,ARC,Arquitetura de marca e portfólio,4,DS-FORM-001-ARC-004,Quais nomes devem compartilhar assinatura visual?,brand_architecture,Define brand_definition sem depender de escolhas visuais implícitas.,list_of_objects,,YES,ALWAYS,Non-empty; specific; no invented facts,Ask the user when the answer cannot be derived safely.,User statement or approved source,brand_definition,,UNANSWERED,,,,
1.0,DS-FORM-001,BOTH,2,ARC,Arquitetura de marca e portfólio,5,DS-FORM-001-ARC-005,Quais produtos precisam de expressão visual própria sem virar nova marca?,brand_architecture,Define brand_definition sem depender de escolhas visuais implícitas.,list_of_objects,,YES,ALWAYS,Non-empty; specific; no invented facts,Ask the user when the answer cannot be derived safely.,User statement or approved source,brand_definition,,UNANSWERED,,,,
1.0,DS-FORM-001,BOTH,2,ARC,Arquitetura de marca e portfólio,6,DS-FORM-001-ARC-006,Existe uma marca editorial separada da marca de produto?,brand_architecture,Define brand_definition sem depender de escolhas visuais implícitas.,boolean,true|false,YES,ALWAYS,Non-empty; specific; no invented facts,Ask the user when the answer cannot be derived safely.,User statement or approved source,brand_definition,,UNANSWERED,,,,
1.0,DS-FORM-001,BOTH,2,ARC,Arquitetura de marca e portfólio,7,DS-FORM-001-ARC-007,"Como blog, aplicativo, relatórios e materiais impressos devem declarar autoria?",brand_architecture,Define brand_definition sem depender de escolhas visuais implícitas.,structured_text,,YES,ALWAYS,Non-empty; specific; no invented facts,Ask the user when the answer cannot be derived safely.,User statement or approved source,brand_definition,,UNANSWERED,,,,
1.0,DS-FORM-001,BOTH,2,ARC,Arquitetura de marca e portfólio,8,DS-FORM-001-ARC-008,Quais nomes atuais podem ser substituídos?,brand_architecture,Define brand_definition sem depender de escolhas visuais implícitas.,list_of_objects,,YES,ALWAYS,Non-empty; specific; no invented facts,Ask the user when the answer cannot be derived safely.,User statement or approved source,brand_definition,,UNANSWERED,,,,
1.0,DS-FORM-001,BOTH,2,ARC,Arquitetura de marca e portfólio,9,DS-FORM-001-ARC-009,"Quais nomes, símbolos ou termos são protegidos ou indisponíveis?",brand_architecture,Define brand_definition sem depender de escolhas visuais implícitas.,list_of_objects,,NO,ALWAYS,Provide evidence where available,Ask the user when the answer cannot be derived safely.,User statement or approved source,brand_definition,,UNANSWERED,,,,
1.0,DS-FORM-001,BOTH,2,ARC,Arquitetura de marca e portfólio,10,DS-FORM-001-ARC-010,"Qual taxonomia canônica identifica marca, produto, canal, campanha e artefato?",brand_architecture,Define governance.taxonomy sem depender de escolhas visuais implícitas.,structured_text,,YES,ALWAYS,Unique patterns; no collisions,Generate a deterministic proposal only when authorized.,Governance source or user approval,governance.taxonomy,,UNANSWERED,,,,
1.0,DS-FORM-001,BOTH,3,AUD,"Públicos, necessidades e contextos",1,DS-FORM-001-AUD-001,Quais são os públicos prioritários em ordem?,audience,Define brand_definition sem depender de escolhas visuais implícitas.,ranked_list,,YES,ALWAYS,At least one; each has priority,Ask the user when the answer cannot be derived safely.,User statement or approved source,brand_definition,,UNANSWERED,,,,
1.0,DS-FORM-001,BOTH,3,AUD,"Públicos, necessidades e contextos",2,DS-FORM-001-AUD-002,Qual trabalho cada público tenta realizar?,audience,Define brand_definition sem depender de escolhas visuais implícitas.,relationship_matrix,,YES,ALWAYS,"Use actor, job, trigger, desired outcome and obstacle",Ask the user when the answer cannot be derived safely.,User statement or approved source,brand_definition,,UNANSWERED,,,,
1.0,DS-FORM-001,BOTH,3,AUD,"Públicos, necessidades e contextos",3,DS-FORM-001-AUD-003,Em quais contextos físicos e digitais a marca é encontrada?,audience,Define brand_definition sem depender de escolhas visuais implícitas.,multi_select,desktop|mobile_web|ios|android|email|social|search|presentation|a4|a3|prisma|environmental|other,YES,ALWAYS,Non-empty; specific; no invented facts,Ask the user when the answer cannot be derived safely.,User statement or approved source,brand_definition,,UNANSWERED,,,,
1.0,DS-FORM-001,BOTH,3,AUD,"Públicos, necessidades e contextos",4,DS-FORM-001-AUD-004,Qual é o nível médio de familiaridade de cada público com o domínio?,audience,Define brand_definition sem depender de escolhas visuais implícitas.,relationship_matrix,,YES,ALWAYS,Non-empty; specific; no invented facts,Ask the user when the answer cannot be derived safely.,User statement or approved source,brand_definition,,UNANSWERED,,,,
1.0,DS-FORM-001,BOTH,3,AUD,"Públicos, necessidades e contextos",5,DS-FORM-001-AUD-005,"Quais limitações de tempo, atenção ou ambiente afetam o uso?",audience,Define brand_definition sem depender de escolhas visuais implícitas.,structured_text,,YES,ALWAYS,Non-empty; specific; no invented facts,Ask the user when the answer cannot be derived safely.,User statement or approved source,brand_definition,,UNANSWERED,,,,
1.0,DS-FORM-001,BOTH,3,AUD,"Públicos, necessidades e contextos",6,DS-FORM-001-AUD-006,Quais informações são críticas e não podem ser ocultadas?,audience,Define brand_definition sem depender de escolhas visuais implícitas.,ranked_list,,YES,ALWAYS,Non-empty; specific; no invented facts,Ask the user when the answer cannot be derived safely.,User statement or approved source,brand_definition,,UNANSWERED,,,,
1.0,DS-FORM-001,BOTH,3,AUD,"Públicos, necessidades e contextos",7,DS-FORM-001-AUD-007,Quais ações devem ser encontradas em menos de 5 segundos?,audience,Define brand_definition sem depender de escolhas visuais implícitas.,ranked_list,,YES,ALWAYS,Non-empty; specific; no invented facts,Ask the user when the answer cannot be derived safely.,User statement or approved source,brand_definition,,UNANSWERED,,,,
1.0,DS-FORM-001,BOTH,3,AUD,"Públicos, necessidades e contextos",8,DS-FORM-001-AUD-008,"Quais dispositivos, navegadores, tamanhos e condições de rede são prioritários?",audience,Define brand_definition sem depender de escolhas visuais implícitas.,structured_text,,YES,ALWAYS,Non-empty; specific; no invented facts,Ask the user when the answer cannot be derived safely.,User statement or approved source,brand_definition,,UNANSWERED,,,,
1.0,DS-FORM-001,BOTH,3,AUD,"Públicos, necessidades e contextos",9,DS-FORM-001-AUD-009,Quais necessidades de acessibilidade devem ser suportadas desde a base?,audience,Define brand_definition sem depender de escolhas visuais implícitas.,multi_select,keyboard|screen_reader|zoom_200|reflow|reduced_motion|high_contrast|color_independence|tts_ready|captions|plain_language|other,YES,ALWAYS,Non-empty; specific; no invented facts,Ask the user when the answer cannot be derived safely.,User statement or approved source,brand_definition,,UNANSWERED,,,,
1.0,DS-FORM-001,BOTH,3,AUD,"Públicos, necessidades e contextos",10,DS-FORM-001-AUD-010,Quais preferências cognitivas devem ser configuráveis sem inferir diagnóstico?,audience,Define brand_definition sem depender de escolhas visuais implícitas.,multi_select,low_noise|explicit_hierarchy|focus_scope|reading_measure|larger_spacing|zero_motion|deep_context|progress_visibility|custom,YES,ALWAYS,Non-empty; specific; no invented facts,Ask the user when the answer cannot be derived safely.,User statement or approved source,brand_definition,,UNANSWERED,,,,
1.0,DS-FORM-001,BOTH,3,AUD,"Públicos, necessidades e contextos",11,DS-FORM-001-AUD-011,"Quais emoções o público deve sentir antes, durante e depois da experiência?",audience,Define brand_definition sem depender de escolhas visuais implícitas.,relationship_matrix,,YES,ALWAYS,Non-empty; specific; no invented facts,Ask the user when the answer cannot be derived safely.,User statement or approved source,brand_definition,,UNANSWERED,,,,
1.0,DS-FORM-001,BOTH,3,AUD,"Públicos, necessidades e contextos",12,DS-FORM-001-AUD-012,Quais pesquisas com usuários existem e quais ainda precisam ser realizadas?,audience,Define brand_definition sem depender de escolhas visuais implícitas.,structured_text,,YES,ALWAYS,"Separate existing, tested and planned research",Ask the user when the answer cannot be derived safely.,User statement or approved source,brand_definition,,UNANSWERED,,,,
1.0,DS-FORM-001,BOTH,4,POS,Posicionamento e personalidade,1,DS-FORM-001-POS-001,Defina a personalidade da marca em exatamente cinco atributos.,brand_personality,Define brand_definition sem depender de escolhas visuais implícitas.,ranked_list,,YES,ALWAYS,Exactly 5 attributes; ranked,Ask the user when the answer cannot be derived safely.,User statement or approved source,brand_definition,,UNANSWERED,,,,
1.0,DS-FORM-001,BOTH,4,POS,Posicionamento e personalidade,2,DS-FORM-001-POS-002,"Para cada atributo, descreva o comportamento visual e verbal correspondente.",brand_personality,Define brand_definition sem depender de escolhas visuais implícitas.,relationship_matrix,,YES,ALWAYS,Non-empty; specific; no invented facts,Ask the user when the answer cannot be derived safely.,User statement or approved source,brand_definition,,UNANSWERED,,,,
1.0,DS-FORM-001,BOTH,4,POS,Posicionamento e personalidade,3,DS-FORM-001-POS-003,Defina cinco atributos que a marca não deve comunicar.,brand_personality,Define brand_definition sem depender de escolhas visuais implícitas.,ranked_list,,YES,ALWAYS,Exactly 5 attributes,Ask the user when the answer cannot be derived safely.,User statement or approved source,brand_definition,,UNANSWERED,,,,
1.0,DS-FORM-001,BOTH,4,POS,Posicionamento e personalidade,4,DS-FORM-001-POS-004,"Em escalas de 1 a 5, onde a marca se posiciona: formal-informal, sóbria-expressiva, técnica-humana, clássica-contemporânea, calma-enérgica?",brand_personality,Define brand_definition sem depender de escolhas visuais implícitas.,scale_matrix,,YES,ALWAYS,Integer 1-5 for every axis,Ask the user when the answer cannot be derived safely.,User statement or approved source,brand_definition,,UNANSWERED,,,,
1.0,DS-FORM-001,BOTH,4,POS,Posicionamento e personalidade,5,DS-FORM-001-POS-005,Qual arquétipo ou combinação de arquétipos ajuda a explicar a marca?,brand_personality,Define brand_definition sem depender de escolhas visuais implícitas.,structured_text,,NO,ALWAYS,Must include rationale; avoid stereotypes,Ask the user when the answer cannot be derived safely.,User statement or approved source,brand_definition,,UNANSWERED,,,,
1.0,DS-FORM-001,BOTH,4,POS,Posicionamento e personalidade,6,DS-FORM-001-POS-006,Qual tensão criativa torna a marca reconhecível?,brand_personality,Define brand_definition sem depender de escolhas visuais implícitas.,short_text,,YES,ALWAYS,Format: quality A + quality B,Ask the user when the answer cannot be derived safely.,User statement or approved source,brand_definition,,UNANSWERED,,,,
1.0,DS-FORM-001,BOTH,4,POS,Posicionamento e personalidade,7,DS-FORM-001-POS-007,Quais referências visuais representam o que desejamos e por quê?,brand_personality,Define brand_definition sem depender de escolhas visuais implícitas.,list_of_objects,,YES,ALWAYS,Each reference needs URL/file and attributed quality,Ask the user when the answer cannot be derived safely.,User statement or approved source,brand_definition,,UNANSWERED,,,,
1.0,DS-FORM-001,BOTH,4,POS,Posicionamento e personalidade,8,DS-FORM-001-POS-008,Quais referências representam o que deve ser evitado e por quê?,brand_personality,Define brand_definition sem depender de escolhas visuais implícitas.,list_of_objects,,YES,ALWAYS,Non-empty; specific; no invented facts,Ask the user when the answer cannot be derived safely.,User statement or approved source,brand_definition,,UNANSWERED,,,,
1.0,DS-FORM-001,BOTH,4,POS,Posicionamento e personalidade,9,DS-FORM-001-POS-009,Quais concorrentes diretos e indiretos devem ser diferenciados?,brand_personality,Define brand_definition sem depender de escolhas visuais implícitas.,list_of_objects,,YES,ALWAYS,Non-empty; specific; no invented facts,Ask the user when the answer cannot be derived safely.,User statement or approved source,brand_definition,,UNANSWERED,,,,
1.0,DS-FORM-001,BOTH,4,POS,Posicionamento e personalidade,10,DS-FORM-001-POS-010,Que elemento de memória deve continuar reconhecível após cinco segundos?,brand_personality,Define brand_definition sem depender de escolhas visuais implícitas.,short_text,,YES,ALWAYS,Non-empty; specific; no invented facts,Ask the user when the answer cannot be derived safely.,User statement or approved source,brand_definition,,UNANSWERED,,,,
1.0,DS-FORM-001,BOTH,5,VER,Identidade verbal,1,DS-FORM-001-VER-001,Qual é a voz constante da marca?,verbal_identity,Define brand_definition sem depender de escolhas visuais implícitas.,structured_text,,YES,ALWAYS,3-5 voice principles with do and do not examples,Ask the user when the answer cannot be derived safely.,User statement or approved source,brand_definition,,UNANSWERED,,,,
1.0,DS-FORM-001,BOTH,5,VER,Identidade verbal,2,DS-FORM-001-VER-002,"Como o tom muda entre produto, editorial, suporte, marketing, relatório e crise?",verbal_identity,Define brand_definition sem depender de escolhas visuais implícitas.,relationship_matrix,,YES,ALWAYS,Non-empty; specific; no invented facts,Ask the user when the answer cannot be derived safely.,User statement or approved source,brand_definition,,UNANSWERED,,,,
1.0,DS-FORM-001,BOTH,5,VER,Identidade verbal,3,DS-FORM-001-VER-003,Qual nível de leitura e complexidade textual é adequado por canal?,verbal_identity,Define brand_definition sem depender de escolhas visuais implícitas.,relationship_matrix,,YES,ALWAYS,Non-empty; specific; no invented facts,Ask the user when the answer cannot be derived safely.,User statement or approved source,brand_definition,,UNANSWERED,,,,
1.0,DS-FORM-001,BOTH,5,VER,Identidade verbal,4,DS-FORM-001-VER-004,"Quais palavras, expressões e termos pertencem ao vocabulário da marca?",verbal_identity,Define brand_definition sem depender de escolhas visuais implícitas.,list_of_objects,,YES,ALWAYS,Non-empty; specific; no invented facts,Ask the user when the answer cannot be derived safely.,User statement or approved source,brand_definition,,UNANSWERED,,,,
1.0,DS-FORM-001,BOTH,5,VER,Identidade verbal,5,DS-FORM-001-VER-005,"Quais palavras, clichês e promessas são proibidos?",verbal_identity,Define brand_definition sem depender de escolhas visuais implícitas.,list_of_objects,,YES,ALWAYS,Non-empty; specific; no invented facts,Ask the user when the answer cannot be derived safely.,User statement or approved source,brand_definition,,UNANSWERED,,,,
1.0,DS-FORM-001,BOTH,5,VER,Identidade verbal,6,DS-FORM-001-VER-006,"Quais regras governam títulos, subtítulos, CTAs, labels e mensagens de erro?",verbal_identity,Define brand_definition sem depender de escolhas visuais implícitas.,structured_text,,YES,ALWAYS,Non-empty; specific; no invented facts,Ask the user when the answer cannot be derived safely.,User statement or approved source,brand_definition,,UNANSWERED,,,,
1.0,DS-FORM-001,BOTH,5,VER,Identidade verbal,7,DS-FORM-001-VER-007,"Como nomear produtos, features, planos, relatórios e versões?",verbal_identity,Define brand_definition sem depender de escolhas visuais implícitas.,structured_text,,YES,ALWAYS,Non-empty; specific; no invented facts,Ask the user when the answer cannot be derived safely.,User statement or approved source,brand_definition,,UNANSWERED,,,,
1.0,DS-FORM-001,BOTH,5,VER,Identidade verbal,8,DS-FORM-001-VER-008,Qual tagline deve ser criada ou validada?,verbal_identity,Define brand_definition sem depender de escolhas visuais implícitas.,short_text,,NO,ALWAYS,Maximum 90 characters or NAO_APLICAVEL,Ask the user when the answer cannot be derived safely.,User statement or approved source,brand_definition,,UNANSWERED,,,,
1.0,DS-FORM-001,BOTH,5,VER,Identidade verbal,9,DS-FORM-001-VER-009,"Como comunicar incerteza, evidência e inferência?",verbal_identity,Define brand_definition sem depender de escolhas visuais implícitas.,structured_text,,YES,ALWAYS,Must preserve epistemic classes A-E,Ask the user when the answer cannot be derived safely.,User statement or approved source,brand_definition,,UNANSWERED,,,,
1.0,DS-FORM-001,BOTH,5,VER,Identidade verbal,10,DS-FORM-001-VER-010,Quais exemplos de texto devem compor o teste de voz?,verbal_identity,Define brand_definition sem depender de escolhas visuais implícitas.,list_of_objects,,YES,ALWAYS,"Include navigation, CTA, error, notification, article lead and report summary",Ask the user when the answer cannot be derived safely.,User statement or approved source,brand_definition,,UNANSWERED,,,,
1.0,DS-FORM-001,ZERO_BASE,6,DIR,Direção criativa do zero,1,DS-FORM-001-DIR-001,"Confirme que nenhuma cor, fonte, raio, componente, logo ou estilo atual será herdado automaticamente.",creative_direction,Define creative_direction.zero_base_confirmation sem depender de escolhas visuais implícitas.,single_select,CONFIRMADO|NAO_CONFIRMADO,YES,FORM_MODE=ZERO_BASE,Must be CONFIRMADO to continue,Stop the zero-base route if not confirmed.,User confirmation,creative_direction.zero_base_confirmation,,UNANSWERED,,,,
1.0,DS-FORM-001,ZERO_BASE,6,DIR,Direção criativa do zero,2,DS-FORM-001-DIR-002,Quais conceitos estratégicos devem orientar as novas direções visuais?,creative_direction,Define brand_definition sem depender de escolhas visuais implícitas.,ranked_list,,YES,ALWAYS,Non-empty; specific; no invented facts,Ask the user when the answer cannot be derived safely.,User statement or approved source,brand_definition,,UNANSWERED,,,,
1.0,DS-FORM-001,ZERO_BASE,6,DIR,Direção criativa do zero,3,DS-FORM-001-DIR-003,Quantas direções visuais devem ser exploradas antes do gate?,creative_direction,Define brand_definition sem depender de escolhas visuais implícitas.,integer,2|3|4,YES,FORM_MODE=ZERO_BASE,Integer 2-4,Ask the user when the answer cannot be derived safely.,User statement or approved source,brand_definition,,UNANSWERED,,,,
1.0,DS-FORM-001,ZERO_BASE,6,DIR,Direção criativa do zero,4,DS-FORM-001-DIR-004,Que contraste conceitual diferencia cada direção candidata?,creative_direction,Define brand_definition sem depender de escolhas visuais implícitas.,structured_text,,YES,ALWAYS,Non-empty; specific; no invented facts,Ask the user when the answer cannot be derived safely.,User statement or approved source,brand_definition,,UNANSWERED,,,,
1.0,DS-FORM-001,ZERO_BASE,6,DIR,Direção criativa do zero,5,DS-FORM-001-DIR-005,Quais provas de aplicação serão usadas para comparar as direções?,creative_direction,Define brand_definition sem depender de escolhas visuais implícitas.,multi_select,logo|dashboard|mobile|article|social|presentation|a4_report|prisma_print|email|data_chart,YES,ALWAYS,Non-empty; specific; no invented facts,Ask the user when the answer cannot be derived safely.,User statement or approved source,brand_definition,,UNANSWERED,,,,
1.0,DS-FORM-001,ZERO_BASE,6,DIR,Direção criativa do zero,6,DS-FORM-001-DIR-006,Quais critérios objetivos definirão a direção vencedora?,creative_direction,Define brand_definition sem depender de escolhas visuais implícitas.,weighted_matrix,,YES,FORM_MODE=ZERO_BASE,Weights total 100%,Ask the user when the answer cannot be derived safely.,User statement or approved source,brand_definition,,UNANSWERED,,,,
1.0,DS-FORM-001,ZERO_BASE,6,DIR,Direção criativa do zero,7,DS-FORM-001-DIR-007,Como documentar elementos rejeitados para evitar regressão futura?,creative_direction,Define brand_definition sem depender de escolhas visuais implícitas.,structured_text,,YES,ALWAYS,Non-empty; specific; no invented facts,Ask the user when the answer cannot be derived safely.,User statement or approved source,brand_definition,,UNANSWERED,,,,
1.0,DS-FORM-001,ZERO_BASE,6,DIR,Direção criativa do zero,8,DS-FORM-001-DIR-008,Qual processo será usado para combinar direções sem criar uma colagem inconsistente?,creative_direction,Define brand_definition sem depender de escolhas visuais implícitas.,structured_text,,YES,ALWAYS,Non-empty; specific; no invented facts,Ask the user when the answer cannot be derived safely.,User statement or approved source,brand_definition,,UNANSWERED,,,,
1.0,DS-FORM-001,BOTH,7,NAM,Naming e assinatura,1,DS-FORM-001-NAM-001,"O nome atual será mantido, revisado ou substituído?",naming,Define brand_definition sem depender de escolhas visuais implícitas.,single_select,manter|revisar|substituir|a_definir,YES,ALWAYS,Non-empty; specific; no invented facts,Ask the user when the answer cannot be derived safely.,User statement or approved source,brand_definition,,UNANSWERED,,,,
1.0,DS-FORM-001,BOTH,7,NAM,Naming e assinatura,2,DS-FORM-001-NAM-002,Quais critérios o nome deve cumprir?,naming,Define brand_definition sem depender de escolhas visuais implícitas.,weighted_matrix,,YES,ALWAYS,Weights total 100%,Ask the user when the answer cannot be derived safely.,User statement or approved source,brand_definition,,UNANSWERED,,,,
1.0,DS-FORM-001,BOTH,7,NAM,Naming e assinatura,3,DS-FORM-001-NAM-003,Quais territórios semânticos podem gerar nomes?,naming,Define brand_definition sem depender de escolhas visuais implícitas.,ranked_list,,YES,ALWAYS,Non-empty; specific; no invented facts,Ask the user when the answer cannot be derived safely.,User statement or approved source,brand_definition,,UNANSWERED,,,,
1.0,DS-FORM-001,BOTH,7,NAM,Naming e assinatura,4,DS-FORM-001-NAM-004,Quais territórios semânticos são proibidos?,naming,Define brand_definition sem depender de escolhas visuais implícitas.,list_of_objects,,YES,ALWAYS,Non-empty; specific; no invented facts,Ask the user when the answer cannot be derived safely.,User statement or approved source,brand_definition,,UNANSWERED,,,,
1.0,DS-FORM-001,BOTH,7,NAM,Naming e assinatura,5,DS-FORM-001-NAM-005,"Quais restrições de idioma, pronúncia, domínio e registro devem ser verificadas?",naming,Define brand_definition sem depender de escolhas visuais implícitas.,structured_text,,YES,ALWAYS,Non-empty; specific; no invented facts,Ask the user when the answer cannot be derived safely.,User statement or approved source,brand_definition,,UNANSWERED,,,,
1.0,DS-FORM-001,BOTH,7,NAM,Naming e assinatura,6,DS-FORM-001-NAM-006,Qual assinatura institucional deve acompanhar o nome?,naming,Define brand_definition sem depender de escolhas visuais implícitas.,short_text,,NO,ALWAYS,Non-empty; specific; no invented facts,Ask the user when the answer cannot be derived safely.,User statement or approved source,brand_definition,,UNANSWERED,,,,
1.0,DS-FORM-001,BOTH,7,NAM,Naming e assinatura,7,DS-FORM-001-NAM-007,Quais abreviações e siglas são autorizadas?,naming,Define brand_definition sem depender de escolhas visuais implícitas.,list_of_objects,,YES,ALWAYS,Non-empty; specific; no invented facts,Ask the user when the answer cannot be derived safely.,User statement or approved source,brand_definition,,UNANSWERED,,,,
1.0,DS-FORM-001,BOTH,7,NAM,Naming e assinatura,8,DS-FORM-001-NAM-008,Como produtos e módulos serão nomeados sob a marca principal?,naming,Define brand_definition sem depender de escolhas visuais implícitas.,structured_text,,YES,ALWAYS,Non-empty; specific; no invented facts,Ask the user when the answer cannot be derived safely.,User statement or approved source,brand_definition,,UNANSWERED,,,,
1.0,DS-FORM-001,BOTH,8,LOG,Marca gráfica e ativos,1,DS-FORM-001-LOG-001,Que tipos de marca devem ser desenvolvidos?,logo_system,Define brand_definition sem depender de escolhas visuais implícitas.,multi_select,wordmark|symbol|combination|monogram|responsive_logo|app_icon|favicon|seal,YES,ALWAYS,Non-empty; specific; no invented facts,Ask the user when the answer cannot be derived safely.,User statement or approved source,brand_definition,,UNANSWERED,,,,
1.0,DS-FORM-001,BOTH,8,LOG,Marca gráfica e ativos,2,DS-FORM-001-LOG-002,Qual conceito o símbolo deve tornar memorável?,logo_system,Define brand_definition sem depender de escolhas visuais implícitas.,short_text,,YES,ALWAYS,Non-empty; specific; no invented facts,Ask the user when the answer cannot be derived safely.,User statement or approved source,brand_definition,,UNANSWERED,,,,
1.0,DS-FORM-001,BOTH,8,LOG,Marca gráfica e ativos,3,DS-FORM-001-LOG-003,Quais símbolos literais ou clichês devem ser evitados?,logo_system,Define brand_definition sem depender de escolhas visuais implícitas.,list_of_objects,,YES,ALWAYS,Non-empty; specific; no invented facts,Ask the user when the answer cannot be derived safely.,User statement or approved source,brand_definition,,UNANSWERED,,,,
1.0,DS-FORM-001,BOTH,8,LOG,Marca gráfica e ativos,4,DS-FORM-001-LOG-004,Quais versões são obrigatórias?,logo_system,Define brand_definition sem depender de escolhas visuais implícitas.,multi_select,primary_horizontal|primary_vertical|compact|monochrome_black|monochrome_white|small_size|app_icon|print_one_color,YES,ALWAYS,Non-empty; specific; no invented facts,Ask the user when the answer cannot be derived safely.,User statement or approved source,brand_definition,,UNANSWERED,,,,
1.0,DS-FORM-001,BOTH,8,LOG,Marca gráfica e ativos,5,DS-FORM-001-LOG-005,Qual é o menor tamanho digital e impresso necessário?,logo_system,Define brand_definition sem depender de escolhas visuais implícitas.,structured_text,,YES,ALWAYS,Provide px and mm when applicable,Ask the user when the answer cannot be derived safely.,User statement or approved source,brand_definition,,UNANSWERED,,,,
1.0,DS-FORM-001,BOTH,8,LOG,Marca gráfica e ativos,6,DS-FORM-001-LOG-006,Quais regras de área de proteção precisam ser calculadas?,logo_system,Define brand_definition sem depender de escolhas visuais implícitas.,structured_text,,YES,ALWAYS,Non-empty; specific; no invented facts,Ask the user when the answer cannot be derived safely.,User statement or approved source,brand_definition,,UNANSWERED,,,,
1.0,DS-FORM-001,BOTH,8,LOG,Marca gráfica e ativos,7,DS-FORM-001-LOG-007,Em quais fundos e contextos a marca deve funcionar?,logo_system,Define brand_definition sem depender de escolhas visuais implícitas.,multi_select,light|dark|photo|single_color|low_resolution|embroidery|laser|screen|offset,YES,ALWAYS,Non-empty; specific; no invented facts,Ask the user when the answer cannot be derived safely.,User statement or approved source,brand_definition,,UNANSWERED,,,,
1.0,DS-FORM-001,BOTH,8,LOG,Marca gráfica e ativos,8,DS-FORM-001-LOG-008,Quais arquivos mestres e formatos finais são obrigatórios?,logo_system,Define brand_definition sem depender de escolhas visuais implícitas.,multi_select,svg|pdf_vector|eps|png|webp|ico|figma|source_file,YES,ALWAYS,Non-empty; specific; no invented facts,Ask the user when the answer cannot be derived safely.,User statement or approved source,brand_definition,,UNANSWERED,,,,
1.0,DS-FORM-001,BOTH,8,LOG,Marca gráfica e ativos,9,DS-FORM-001-LOG-009,"Quais metadados, licenças e direitos precisam acompanhar os ativos?",logo_system,Define brand_definition sem depender de escolhas visuais implícitas.,structured_text,,YES,ALWAYS,Non-empty; specific; no invented facts,Ask the user when the answer cannot be derived safely.,User statement or approved source,brand_definition,,UNANSWERED,,,,
1.0,DS-FORM-001,BOTH,8,LOG,Marca gráfica e ativos,10,DS-FORM-001-LOG-010,"Qual teste de reconhecimento, redução e reprodução deve aprovar a marca?",logo_system,Define brand_definition sem depender de escolhas visuais implícitas.,structured_text,,YES,ALWAYS,Non-empty; specific; no invented facts,Ask the user when the answer cannot be derived safely.,User statement or approved source,brand_definition,,UNANSWERED,,,,
1.0,DS-FORM-001,BOTH,9,COL,Sistema de cor,1,DS-FORM-001-COL-001,Quais papéis semânticos de cor precisam existir?,color_system,Define brand_definition sem depender de escolhas visuais implícitas.,multi_select,canvas|surface|text|muted|brand|action|success|warning|error|info|focus|selected|disabled|data_series|category,YES,ALWAYS,Non-empty; specific; no invented facts,Ask the user when the answer cannot be derived safely.,User statement or approved source,brand_definition,,UNANSWERED,,,,
1.0,DS-FORM-001,BOTH,9,COL,Sistema de cor,2,DS-FORM-001-COL-002,Qual significado nunca pode depender somente da cor?,color_system,Define brand_definition sem depender de escolhas visuais implícitas.,list_of_objects,,YES,ALWAYS,Non-empty; specific; no invented facts,Ask the user when the answer cannot be derived safely.,User statement or approved source,brand_definition,,UNANSWERED,,,,
1.0,DS-FORM-001,BOTH,9,COL,Sistema de cor,3,DS-FORM-001-COL-003,"A marca precisa de temas claro, escuro, alto contraste e monocromático?",color_system,Define brand_definition sem depender de escolhas visuais implícitas.,multi_select,light|dark|high_contrast|monochrome,YES,ALWAYS,Non-empty; specific; no invented facts,Ask the user when the answer cannot be derived safely.,User statement or approved source,brand_definition,,UNANSWERED,,,,
1.0,DS-FORM-001,BOTH,9,COL,Sistema de cor,4,DS-FORM-001-COL-004,"Quais restrições culturais, legais ou de categoria afetam as cores?",color_system,Define brand_definition sem depender de escolhas visuais implícitas.,structured_text,,YES,ALWAYS,Non-empty; specific; no invented facts,Ask the user when the answer cannot be derived safely.,User statement or approved source,brand_definition,,UNANSWERED,,,,
1.0,DS-FORM-001,BOTH,9,COL,Sistema de cor,5,DS-FORM-001-COL-005,Qual papel a cor de marca exerce sem competir com estados do sistema?,color_system,Define brand_definition sem depender de escolhas visuais implícitas.,structured_text,,YES,ALWAYS,Non-empty; specific; no invented facts,Ask the user when the answer cannot be derived safely.,User statement or approved source,brand_definition,,UNANSWERED,,,,
1.0,DS-FORM-001,BOTH,9,COL,Sistema de cor,6,DS-FORM-001-COL-006,Quantas cores categóricas simultâneas são necessárias?,color_system,Define brand_definition sem depender de escolhas visuais implícitas.,integer,,YES,ALWAYS,Integer 1-12,Ask the user when the answer cannot be derived safely.,User statement or approved source,brand_definition,,UNANSWERED,,,,
1.0,DS-FORM-001,BOTH,9,COL,Sistema de cor,7,DS-FORM-001-COL-007,"Quais contrastes mínimos devem ser adotados para texto, ícones, foco e gráficos?",color_system,Define brand_definition sem depender de escolhas visuais implícitas.,structured_text,,YES,ALWAYS,Must cite accessibility baseline,Ask the user when the answer cannot be derived safely.,User statement or approved source,brand_definition,,UNANSWERED,,,,
1.0,DS-FORM-001,BOTH,9,COL,Sistema de cor,8,DS-FORM-001-COL-008,Como cores devem se comportar em impressão CMYK e em escala de cinza?,color_system,Define brand_definition sem depender de escolhas visuais implícitas.,structured_text,,YES,ALWAYS,Non-empty; specific; no invented facts,Ask the user when the answer cannot be derived safely.,User statement or approved source,brand_definition,,UNANSWERED,,,,
1.0,DS-FORM-001,BOTH,9,COL,Sistema de cor,9,DS-FORM-001-COL-009,Quais pares de foreground/background precisam ser testados?,color_system,Define brand_definition sem depender de escolhas visuais implícitas.,relationship_matrix,,YES,ALWAYS,Non-empty; specific; no invented facts,Ask the user when the answer cannot be derived safely.,User statement or approved source,brand_definition,,UNANSWERED,,,,
1.0,DS-FORM-001,BOTH,9,COL,Sistema de cor,10,DS-FORM-001-COL-010,Como serão nomeadas as escalas primitivas e os aliases semânticos?,color_system,Define brand_definition sem depender de escolhas visuais implícitas.,structured_text,,YES,ALWAYS,Non-empty; specific; no invented facts,Ask the user when the answer cannot be derived safely.,User statement or approved source,brand_definition,,UNANSWERED,,,,
1.0,DS-FORM-001,BOTH,9,COL,Sistema de cor,11,DS-FORM-001-COL-011,Quais cores são reservadas e não podem ser reutilizadas em decoração?,color_system,Define brand_definition sem depender de escolhas visuais implícitas.,relationship_matrix,,YES,ALWAYS,Non-empty; specific; no invented facts,Ask the user when the answer cannot be derived safely.,User statement or approved source,brand_definition,,UNANSWERED,,,,
1.0,DS-FORM-001,BOTH,9,COL,Sistema de cor,12,DS-FORM-001-COL-012,Quais critérios aprovam a paleta final?,color_system,Define brand_definition sem depender de escolhas visuais implícitas.,weighted_matrix,,YES,ALWAYS,Weights total 100%,Ask the user when the answer cannot be derived safely.,User statement or approved source,brand_definition,,UNANSWERED,,,,
1.0,DS-FORM-001,BOTH,10,TYP,Sistema tipográfico,1,DS-FORM-001-TYP-001,Quais papéis tipográficos são necessários?,typography,Define brand_definition sem depender de escolhas visuais implícitas.,multi_select,display|heading|body|ui|label|caption|mono|data|print,YES,ALWAYS,Non-empty; specific; no invented facts,Ask the user when the answer cannot be derived safely.,User statement or approved source,brand_definition,,UNANSWERED,,,,
1.0,DS-FORM-001,BOTH,10,TYP,Sistema tipográfico,2,DS-FORM-001-TYP-002,"A tipografia deve ser proprietária, licenciada, open source ou de sistema?",typography,Define brand_definition sem depender de escolhas visuais implícitas.,single_select,proprietaria|licenciada|open_source|system|hibrida,YES,ALWAYS,Non-empty; specific; no invented facts,Ask the user when the answer cannot be derived safely.,User statement or approved source,brand_definition,,UNANSWERED,,,,
1.0,DS-FORM-001,BOTH,10,TYP,Sistema tipográfico,3,DS-FORM-001-TYP-003,"Quais idiomas, acentos e conjuntos de caracteres devem ser cobertos?",typography,Define brand_definition sem depender de escolhas visuais implícitas.,structured_text,,YES,ALWAYS,Non-empty; specific; no invented facts,Ask the user when the answer cannot be derived safely.,User statement or approved source,brand_definition,,UNANSWERED,,,,
1.0,DS-FORM-001,BOTH,10,TYP,Sistema tipográfico,4,DS-FORM-001-TYP-004,Quais características de legibilidade são obrigatórias?,typography,Define brand_definition sem depender de escolhas visuais implícitas.,multi_select,distinct_glyphs|open_apertures|large_x_height|tabular_numbers|variable_font|screen_hinting|print_quality,YES,ALWAYS,Non-empty; specific; no invented facts,Ask the user when the answer cannot be derived safely.,User statement or approved source,brand_definition,,UNANSWERED,,,,
1.0,DS-FORM-001,BOTH,10,TYP,Sistema tipográfico,5,DS-FORM-001-TYP-005,Quais pesos e estilos são realmente necessários?,typography,Define brand_definition sem depender de escolhas visuais implícitas.,list_of_objects,,YES,ALWAYS,Non-empty; specific; no invented facts,Ask the user when the answer cannot be derived safely.,User statement or approved source,brand_definition,,UNANSWERED,,,,
1.0,DS-FORM-001,BOTH,10,TYP,Sistema tipográfico,6,DS-FORM-001-TYP-006,Qual escala tipográfica deve existir para digital?,typography,Define brand_definition sem depender de escolhas visuais implícitas.,structured_text,,YES,ALWAYS,"Include size, line-height, weight and letter-spacing per role",Ask the user when the answer cannot be derived safely.,User statement or approved source,brand_definition,,UNANSWERED,,,,
1.0,DS-FORM-001,BOTH,10,TYP,Sistema tipográfico,7,DS-FORM-001-TYP-007,Qual escala tipográfica deve existir para impressão?,typography,Define brand_definition sem depender de escolhas visuais implícitas.,structured_text,,YES,ALWAYS,Use pt; include minimum body and captions,Ask the user when the answer cannot be derived safely.,User statement or approved source,brand_definition,,UNANSWERED,,,,
1.0,DS-FORM-001,BOTH,10,TYP,Sistema tipográfico,8,DS-FORM-001-TYP-008,Qual largura de leitura será usada por contexto?,typography,Define brand_definition sem depender de escolhas visuais implícitas.,relationship_matrix,,YES,ALWAYS,Use ch or physical measure,Ask the user when the answer cannot be derived safely.,User statement or approved source,brand_definition,,UNANSWERED,,,,
1.0,DS-FORM-001,BOTH,10,TYP,Sistema tipográfico,9,DS-FORM-001-TYP-009,"Como números, datas, IDs e dados tabulares serão apresentados?",typography,Define brand_definition sem depender de escolhas visuais implícitas.,structured_text,,YES,ALWAYS,Non-empty; specific; no invented facts,Ask the user when the answer cannot be derived safely.,User statement or approved source,brand_definition,,UNANSWERED,,,,
1.0,DS-FORM-001,BOTH,10,TYP,Sistema tipográfico,10,DS-FORM-001-TYP-010,Quais fallbacks devem existir por plataforma?,typography,Define brand_definition sem depender de escolhas visuais implícitas.,relationship_matrix,,YES,ALWAYS,Non-empty; specific; no invented facts,Ask the user when the answer cannot be derived safely.,User statement or approved source,brand_definition,,UNANSWERED,,,,
1.0,DS-FORM-001,BOTH,10,TYP,Sistema tipográfico,11,DS-FORM-001-TYP-011,Quais licenças e arquivos de fonte devem ser armazenados?,typography,Define brand_definition sem depender de escolhas visuais implícitas.,structured_text,,YES,ALWAYS,Non-empty; specific; no invented facts,Ask the user when the answer cannot be derived safely.,User statement or approved source,brand_definition,,UNANSWERED,,,,
1.0,DS-FORM-001,BOTH,10,TYP,Sistema tipográfico,12,DS-FORM-001-TYP-012,Quais amostras textuais testarão a família escolhida?,typography,Define brand_definition sem depender de escolhas visuais implícitas.,list_of_objects,,YES,ALWAYS,Non-empty; specific; no invented facts,Ask the user when the answer cannot be derived safely.,User statement or approved source,brand_definition,,UNANSWERED,,,,
1.0,DS-FORM-001,BOTH,11,LAY,"Grid, composição e hierarquia",1,DS-FORM-001-LAY-001,Qual unidade-base de espaçamento será adotada?,layout_system,Define brand_definition sem depender de escolhas visuais implícitas.,single_select,4px|5px|8px|custom,YES,ALWAYS,Non-empty; specific; no invented facts,Ask the user when the answer cannot be derived safely.,User statement or approved source,brand_definition,,UNANSWERED,,,,
1.0,DS-FORM-001,BOTH,11,LAY,"Grid, composição e hierarquia",2,DS-FORM-001-LAY-002,Qual escala fechada de spacing deve ser gerada?,layout_system,Define brand_definition sem depender de escolhas visuais implícitas.,list_of_values,,YES,ALWAYS,Non-empty; specific; no invented facts,Ask the user when the answer cannot be derived safely.,User statement or approved source,brand_definition,,UNANSWERED,,,,
1.0,DS-FORM-001,BOTH,11,LAY,"Grid, composição e hierarquia",3,DS-FORM-001-LAY-003,"Quais grids são necessários em desktop, tablet, mobile e impressão?",layout_system,Define brand_definition sem depender de escolhas visuais implícitas.,relationship_matrix,,YES,ALWAYS,Non-empty; specific; no invented facts,Ask the user when the answer cannot be derived safely.,User statement or approved source,brand_definition,,UNANSWERED,,,,
1.0,DS-FORM-001,BOTH,11,LAY,"Grid, composição e hierarquia",4,DS-FORM-001-LAY-004,"Quais larguras máximas devem existir para app, marketing e leitura?",layout_system,Define brand_definition sem depender de escolhas visuais implícitas.,relationship_matrix,,YES,ALWAYS,Non-empty; specific; no invented facts,Ask the user when the answer cannot be derived safely.,User statement or approved source,brand_definition,,UNANSWERED,,,,
1.0,DS-FORM-001,BOTH,11,LAY,"Grid, composição e hierarquia",5,DS-FORM-001-LAY-005,"Qual hierarquia visual deve distinguir objeto, contexto, estado, ação e evidência?",layout_system,Define brand_definition sem depender de escolhas visuais implícitas.,structured_text,,YES,ALWAYS,Non-empty; specific; no invented facts,Ask the user when the answer cannot be derived safely.,User statement or approved source,brand_definition,,UNANSWERED,,,,
1.0,DS-FORM-001,BOTH,11,LAY,"Grid, composição e hierarquia",6,DS-FORM-001-LAY-006,Quais regiões são permanentes em cada superfície?,layout_system,Define brand_definition sem depender de escolhas visuais implícitas.,relationship_matrix,,YES,ALWAYS,Non-empty; specific; no invented facts,Ask the user when the answer cannot be derived safely.,User statement or approved source,brand_definition,,UNANSWERED,,,,
1.0,DS-FORM-001,BOTH,11,LAY,"Grid, composição e hierarquia",7,DS-FORM-001-LAY-007,"Quais regras governam densidade confortável, compacta e ampliada?",layout_system,Define brand_definition sem depender de escolhas visuais implícitas.,structured_text,,YES,ALWAYS,Non-empty; specific; no invented facts,Ask the user when the answer cannot be derived safely.,User statement or approved source,brand_definition,,UNANSWERED,,,,
1.0,DS-FORM-001,BOTH,11,LAY,"Grid, composição e hierarquia",8,DS-FORM-001-LAY-008,Quais famílias de raio são necessárias e qual semântica possui cada uma?,layout_system,Define brand_definition sem depender de escolhas visuais implícitas.,relationship_matrix,,YES,ALWAYS,Non-empty; specific; no invented facts,Ask the user when the answer cannot be derived safely.,User statement or approved source,brand_definition,,UNANSWERED,,,,
1.0,DS-FORM-001,BOTH,11,LAY,"Grid, composição e hierarquia",9,DS-FORM-001-LAY-009,"Quando borda, divisor, fundo ou elevação devem indicar agrupamento?",layout_system,Define brand_definition sem depender de escolhas visuais implícitas.,structured_text,,YES,ALWAYS,Non-empty; specific; no invented facts,Ask the user when the answer cannot be derived safely.,User statement or approved source,brand_definition,,UNANSWERED,,,,
1.0,DS-FORM-001,BOTH,11,LAY,"Grid, composição e hierarquia",10,DS-FORM-001-LAY-010,"Quais elementos podem ser sticky, fixed, overlay ou modal?",layout_system,Define brand_definition sem depender de escolhas visuais implícitas.,relationship_matrix,,YES,ALWAYS,Non-empty; specific; no invented facts,Ask the user when the answer cannot be derived safely.,User statement or approved source,brand_definition,,UNANSWERED,,,,
1.0,DS-FORM-001,BOTH,11,LAY,"Grid, composição e hierarquia",11,DS-FORM-001-LAY-011,Quais regras impedem cardificação excessiva?,layout_system,Define brand_definition sem depender de escolhas visuais implícitas.,structured_text,,YES,ALWAYS,Non-empty; specific; no invented facts,Ask the user when the answer cannot be derived safely.,User statement or approved source,brand_definition,,UNANSWERED,,,,
1.0,DS-FORM-001,BOTH,11,LAY,"Grid, composição e hierarquia",12,DS-FORM-001-LAY-012,Quais padrões de responsividade preservam prioridade e ordem semântica?,layout_system,Define brand_definition sem depender de escolhas visuais implícitas.,structured_text,,YES,ALWAYS,Non-empty; specific; no invented facts,Ask the user when the answer cannot be derived safely.,User statement or approved source,brand_definition,,UNANSWERED,,,,
1.0,DS-FORM-001,BOTH,11,LAY,"Grid, composição e hierarquia",13,DS-FORM-001-LAY-013,"Como overflow, truncamento, wrapping e conteúdo longo devem funcionar?",layout_system,Define brand_definition sem depender de escolhas visuais implícitas.,structured_text,,YES,ALWAYS,Non-empty; specific; no invented facts,Ask the user when the answer cannot be derived safely.,User statement or approved source,brand_definition,,UNANSWERED,,,,
1.0,DS-FORM-001,BOTH,12,ICO,"Iconografia, ilustração e mídia",1,DS-FORM-001-ICO-001,Qual estilo de iconografia representa a marca?,visual_language,Define brand_definition sem depender de escolhas visuais implícitas.,structured_text,,YES,ALWAYS,Non-empty; specific; no invented facts,Ask the user when the answer cannot be derived safely.,User statement or approved source,brand_definition,,UNANSWERED,,,,
1.0,DS-FORM-001,BOTH,12,ICO,"Iconografia, ilustração e mídia",2,DS-FORM-001-ICO-002,Qual biblioteca pode ser usada e quais ícones precisam ser exclusivos?,visual_language,Define brand_definition sem depender de escolhas visuais implícitas.,structured_text,,YES,ALWAYS,Non-empty; specific; no invented facts,Ask the user when the answer cannot be derived safely.,User statement or approved source,brand_definition,,UNANSWERED,,,,
1.0,DS-FORM-001,BOTH,12,ICO,"Iconografia, ilustração e mídia",3,DS-FORM-001-ICO-003,"Quais tamanhos, strokes, grids e estados governam os ícones?",visual_language,Define brand_definition sem depender de escolhas visuais implícitas.,structured_text,,YES,ALWAYS,Non-empty; specific; no invented facts,Ask the user when the answer cannot be derived safely.,User statement or approved source,brand_definition,,UNANSWERED,,,,
1.0,DS-FORM-001,BOTH,12,ICO,"Iconografia, ilustração e mídia",4,DS-FORM-001-ICO-004,Quando um ícone exige label textual?,visual_language,Define brand_definition sem depender de escolhas visuais implícitas.,structured_text,,YES,ALWAYS,Non-empty; specific; no invented facts,Ask the user when the answer cannot be derived safely.,User statement or approved source,brand_definition,,UNANSWERED,,,,
1.0,DS-FORM-001,BOTH,12,ICO,"Iconografia, ilustração e mídia",5,DS-FORM-001-ICO-005,Qual linguagem de ilustração deve ser criada?,visual_language,Define brand_definition sem depender de escolhas visuais implícitas.,structured_text,,YES,ALWAYS,Non-empty; specific; no invented facts,Ask the user when the answer cannot be derived safely.,User statement or approved source,brand_definition,,UNANSWERED,,,,
1.0,DS-FORM-001,BOTH,12,ICO,"Iconografia, ilustração e mídia",6,DS-FORM-001-ICO-006,"Quais temas, metáforas e estereótipos devem ser evitados?",visual_language,Define brand_definition sem depender de escolhas visuais implícitas.,list_of_objects,,YES,ALWAYS,Non-empty; specific; no invented facts,Ask the user when the answer cannot be derived safely.,User statement or approved source,brand_definition,,UNANSWERED,,,,
1.0,DS-FORM-001,BOTH,12,ICO,"Iconografia, ilustração e mídia",7,DS-FORM-001-ICO-007,Qual direção fotográfica deve ser adotada?,visual_language,Define brand_definition sem depender de escolhas visuais implícitas.,structured_text,,YES,ALWAYS,Non-empty; specific; no invented facts,Ask the user when the answer cannot be derived safely.,User statement or approved source,brand_definition,,UNANSWERED,,,,
1.0,DS-FORM-001,BOTH,12,ICO,"Iconografia, ilustração e mídia",8,DS-FORM-001-ICO-008,"Como imagens são cortadas, legendadas, creditadas e descritas?",visual_language,Define brand_definition sem depender de escolhas visuais implícitas.,structured_text,,YES,ALWAYS,Non-empty; specific; no invented facts,Ask the user when the answer cannot be derived safely.,User statement or approved source,brand_definition,,UNANSWERED,,,,
1.0,DS-FORM-001,BOTH,12,ICO,"Iconografia, ilustração e mídia",9,DS-FORM-001-ICO-009,Como diagramas técnicos e mapas devem ser estilizados?,visual_language,Define brand_definition sem depender de escolhas visuais implícitas.,structured_text,,YES,ALWAYS,Non-empty; specific; no invented facts,Ask the user when the answer cannot be derived safely.,User statement or approved source,brand_definition,,UNANSWERED,,,,
1.0,DS-FORM-001,BOTH,12,ICO,"Iconografia, ilustração e mídia",10,DS-FORM-001-ICO-010,"Quais arquivos, resoluções e proporções são obrigatórios por canal?",visual_language,Define brand_definition sem depender de escolhas visuais implícitas.,relationship_matrix,,YES,ALWAYS,Non-empty; specific; no invented facts,Ask the user when the answer cannot be derived safely.,User statement or approved source,brand_definition,,UNANSWERED,,,,
1.0,DS-FORM-001,BOTH,13,DAT,Visualização de dados e evidências,1,DS-FORM-001-DAT-001,Quais tipos de dados serão comunicados com maior frequência?,data_visualization,Define brand_definition sem depender de escolhas visuais implícitas.,multi_select,categorical|time_series|part_to_whole|distribution|relationship|geospatial|workflow|hierarchy|network,YES,ALWAYS,Non-empty; specific; no invented facts,Ask the user when the answer cannot be derived safely.,User statement or approved source,brand_definition,,UNANSWERED,,,,
1.0,DS-FORM-001,BOTH,13,DAT,Visualização de dados e evidências,2,DS-FORM-001-DAT-002,"Quais gráficos são permitidos, condicionais e proibidos?",data_visualization,Define brand_definition sem depender de escolhas visuais implícitas.,relationship_matrix,,YES,ALWAYS,Non-empty; specific; no invented facts,Ask the user when the answer cannot be derived safely.,User statement or approved source,brand_definition,,UNANSWERED,,,,
1.0,DS-FORM-001,BOTH,13,DAT,Visualização de dados e evidências,3,DS-FORM-001-DAT-003,"Como dados observados, metas, projeções e incertezas serão diferenciados?",data_visualization,Define brand_definition sem depender de escolhas visuais implícitas.,structured_text,,YES,ALWAYS,Non-empty; specific; no invented facts,Ask the user when the answer cannot be derived safely.,User statement or approved source,brand_definition,,UNANSWERED,,,,
1.0,DS-FORM-001,BOTH,13,DAT,Visualização de dados e evidências,4,DS-FORM-001-DAT-004,Como a classificação epistêmica A-E será exibida?,data_visualization,Define brand_definition sem depender de escolhas visuais implícitas.,structured_text,,YES,ALWAYS,Non-empty; specific; no invented facts,Ask the user when the answer cannot be derived safely.,User statement or approved source,brand_definition,,UNANSWERED,,,,
1.0,DS-FORM-001,BOTH,13,DAT,Visualização de dados e evidências,5,DS-FORM-001-DAT-005,"Qual paleta categórica, sequencial e divergente é necessária?",data_visualization,Define brand_definition sem depender de escolhas visuais implícitas.,structured_text,,YES,ALWAYS,Non-empty; specific; no invented facts,Ask the user when the answer cannot be derived safely.,User statement or approved source,brand_definition,,UNANSWERED,,,,
1.0,DS-FORM-001,BOTH,13,DAT,Visualização de dados e evidências,6,DS-FORM-001-DAT-006,"Como gráficos funcionam em alto contraste, monocromia e impressão?",data_visualization,Define brand_definition sem depender de escolhas visuais implícitas.,structured_text,,YES,ALWAYS,Non-empty; specific; no invented facts,Ask the user when the answer cannot be derived safely.,User statement or approved source,brand_definition,,UNANSWERED,,,,
1.0,DS-FORM-001,BOTH,13,DAT,Visualização de dados e evidências,7,DS-FORM-001-DAT-007,"Quais regras de eixo, escala, rótulo, legenda, fonte e arredondamento são mandatórias?",data_visualization,Define brand_definition sem depender de escolhas visuais implícitas.,structured_text,,YES,ALWAYS,Non-empty; specific; no invented facts,Ask the user when the answer cannot be derived safely.,User statement or approved source,brand_definition,,UNANSWERED,,,,
1.0,DS-FORM-001,BOTH,13,DAT,Visualização de dados e evidências,8,DS-FORM-001-DAT-008,"Como tabelas devem priorizar leitura, comparação e auditoria?",data_visualization,Define brand_definition sem depender de escolhas visuais implícitas.,structured_text,,YES,ALWAYS,Non-empty; specific; no invented facts,Ask the user when the answer cannot be derived safely.,User statement or approved source,brand_definition,,UNANSWERED,,,,
1.0,DS-FORM-001,BOTH,13,DAT,Visualização de dados e evidências,9,DS-FORM-001-DAT-009,Quais alternativas textuais devem acompanhar gráficos?,data_visualization,Define brand_definition sem depender de escolhas visuais implícitas.,structured_text,,YES,ALWAYS,Non-empty; specific; no invented facts,Ask the user when the answer cannot be derived safely.,User statement or approved source,brand_definition,,UNANSWERED,,,,
1.0,DS-FORM-001,BOTH,13,DAT,Visualização de dados e evidências,10,DS-FORM-001-DAT-010,Quais casos de teste representarão dados reais e extremos?,data_visualization,Define brand_definition sem depender de escolhas visuais implícitas.,list_of_objects,,YES,ALWAYS,Non-empty; specific; no invented facts,Ask the user when the answer cannot be derived safely.,User statement or approved source,brand_definition,,UNANSWERED,,,,
1.0,DS-FORM-001,BOTH,14,MOT,"Interação, estados e movimento",1,DS-FORM-001-MOT-001,Quais estados mínimos todo componente interativo deve possuir?,interaction,Define brand_definition sem depender de escolhas visuais implícitas.,multi_select,default|hover|focus|active|selected|loading|success|warning|error|disabled|empty|offline,YES,ALWAYS,Non-empty; specific; no invented facts,Ask the user when the answer cannot be derived safely.,User statement or approved source,brand_definition,,UNANSWERED,,,,
1.0,DS-FORM-001,BOTH,14,MOT,"Interação, estados e movimento",2,DS-FORM-001-MOT-002,Qual duração e easing governam microinterações e transições?,interaction,Define brand_definition sem depender de escolhas visuais implícitas.,structured_text,,YES,ALWAYS,Non-empty; specific; no invented facts,Ask the user when the answer cannot be derived safely.,User statement or approved source,brand_definition,,UNANSWERED,,,,
1.0,DS-FORM-001,BOTH,14,MOT,"Interação, estados e movimento",3,DS-FORM-001-MOT-003,Quais movimentos são funcionais e quais são proibidos?,interaction,Define brand_definition sem depender de escolhas visuais implícitas.,relationship_matrix,,YES,ALWAYS,Non-empty; specific; no invented facts,Ask the user when the answer cannot be derived safely.,User statement or approved source,brand_definition,,UNANSWERED,,,,
1.0,DS-FORM-001,BOTH,14,MOT,"Interação, estados e movimento",4,DS-FORM-001-MOT-004,Como prefers-reduced-motion deve prevalecer?,interaction,Define brand_definition sem depender de escolhas visuais implícitas.,structured_text,,YES,ALWAYS,Non-empty; specific; no invented facts,Ask the user when the answer cannot be derived safely.,User statement or approved source,brand_definition,,UNANSWERED,,,,
1.0,DS-FORM-001,BOTH,14,MOT,"Interação, estados e movimento",5,DS-FORM-001-MOT-005,Quais áreas de toque mínimas são obrigatórias por plataforma?,interaction,Define brand_definition sem depender de escolhas visuais implícitas.,relationship_matrix,,YES,ALWAYS,Non-empty; specific; no invented facts,Ask the user when the answer cannot be derived safely.,User statement or approved source,brand_definition,,UNANSWERED,,,,
1.0,DS-FORM-001,BOTH,14,MOT,"Interação, estados e movimento",6,DS-FORM-001-MOT-006,"Como feedback imediato, progresso e conclusão serão comunicados?",interaction,Define brand_definition sem depender de escolhas visuais implícitas.,structured_text,,YES,ALWAYS,Non-empty; specific; no invented facts,Ask the user when the answer cannot be derived safely.,User statement or approved source,brand_definition,,UNANSWERED,,,,
1.0,DS-FORM-001,BOTH,14,MOT,"Interação, estados e movimento",7,DS-FORM-001-MOT-007,Como gestos possuem alternativa por teclado e controle explícito?,interaction,Define brand_definition sem depender de escolhas visuais implícitas.,structured_text,,YES,ALWAYS,Non-empty; specific; no invented facts,Ask the user when the answer cannot be derived safely.,User statement or approved source,brand_definition,,UNANSWERED,,,,
1.0,DS-FORM-001,BOTH,14,MOT,"Interação, estados e movimento",8,DS-FORM-001-MOT-008,"Como loading, erro, vazio, offline e conflito preservam contexto?",interaction,Define brand_definition sem depender de escolhas visuais implícitas.,structured_text,,YES,ALWAYS,Non-empty; specific; no invented facts,Ask the user when the answer cannot be derived safely.,User statement or approved source,brand_definition,,UNANSWERED,,,,
1.0,DS-FORM-001,BOTH,14,MOT,"Interação, estados e movimento",9,DS-FORM-001-MOT-009,"Como foco, scroll e seleção são preservados entre modos e projeções?",interaction,Define brand_definition sem depender de escolhas visuais implícitas.,structured_text,,YES,ALWAYS,Non-empty; specific; no invented facts,Ask the user when the answer cannot be derived safely.,User statement or approved source,brand_definition,,UNANSWERED,,,,
1.0,DS-FORM-001,BOTH,14,MOT,"Interação, estados e movimento",10,DS-FORM-001-MOT-010,Quais testes de interação comprovam a experiência?,interaction,Define brand_definition sem depender de escolhas visuais implícitas.,list_of_objects,,YES,ALWAYS,Non-empty; specific; no invented facts,Ask the user when the answer cannot be derived safely.,User statement or approved source,brand_definition,,UNANSWERED,,,,
1.0,DS-FORM-001,BOTH,15,ACC,Acessibilidade e adaptação cognitiva,1,DS-FORM-001-ACC-001,Qual baseline normativo será adotado?,accessibility,Define brand_definition sem depender de escolhas visuais implícitas.,multi_select,WCAG_2_2_AA|WCAG_2_2_AAA_selected|WAI_ARIA|COGA|ABNT_applicable|platform_guidelines,YES,ALWAYS,Non-empty; specific; no invented facts,Ask the user when the answer cannot be derived safely.,User statement or approved source,brand_definition,,UNANSWERED,,,,
1.0,DS-FORM-001,BOTH,15,ACC,Acessibilidade e adaptação cognitiva,2,DS-FORM-001-ACC-002,Quais requisitos são obrigatórios independentemente de modo?,accessibility,Define brand_definition sem depender de escolhas visuais implícitas.,list_of_objects,,YES,ALWAYS,Non-empty; specific; no invented facts,Ask the user when the answer cannot be derived safely.,User statement or approved source,brand_definition,,UNANSWERED,,,,
1.0,DS-FORM-001,BOTH,15,ACC,Acessibilidade e adaptação cognitiva,3,DS-FORM-001-ACC-003,Quais presets de apresentação cognitiva serão oferecidos?,accessibility,Define brand_definition sem depender de escolhas visuais implícitas.,multi_select,default|low_noise|focus|reading|predictable|deep_context|custom,YES,ALWAYS,Non-empty; specific; no invented facts,Ask the user when the answer cannot be derived safely.,User statement or approved source,brand_definition,,UNANSWERED,,,,
1.0,DS-FORM-001,BOTH,15,ACC,Acessibilidade e adaptação cognitiva,4,DS-FORM-001-ACC-004,Quais capability tokens cada preset altera?,accessibility,Define brand_definition sem depender de escolhas visuais implícitas.,relationship_matrix,,YES,ALWAYS,Non-empty; specific; no invented facts,Ask the user when the answer cannot be derived safely.,User statement or approved source,brand_definition,,UNANSWERED,,,,
1.0,DS-FORM-001,BOTH,15,ACC,Acessibilidade e adaptação cognitiva,5,DS-FORM-001-ACC-005,Quais preferências nunca devem ser tratadas como diagnóstico?,accessibility,Define brand_definition sem depender de escolhas visuais implícitas.,list_of_objects,,YES,ALWAYS,Non-empty; specific; no invented facts,Ask the user when the answer cannot be derived safely.,User statement or approved source,brand_definition,,UNANSWERED,,,,
1.0,DS-FORM-001,BOTH,15,ACC,Acessibilidade e adaptação cognitiva,6,DS-FORM-001-ACC-006,"Como o usuário seleciona, testa, salva e redefine preferências?",accessibility,Define brand_definition sem depender de escolhas visuais implícitas.,structured_text,,YES,ALWAYS,Non-empty; specific; no invented facts,Ask the user when the answer cannot be derived safely.,User statement or approved source,brand_definition,,UNANSWERED,,,,
1.0,DS-FORM-001,BOTH,15,ACC,Acessibilidade e adaptação cognitiva,7,DS-FORM-001-ACC-007,"Qual ordem de precedência existe entre SO, usuário, URL e default?",accessibility,Define brand_definition sem depender de escolhas visuais implícitas.,ordered_list,,YES,ALWAYS,Non-empty; specific; no invented facts,Ask the user when the answer cannot be derived safely.,User statement or approved source,brand_definition,,UNANSWERED,,,,
1.0,DS-FORM-001,BOTH,15,ACC,Acessibilidade e adaptação cognitiva,8,DS-FORM-001-ACC-008,Como evitar perda ou ocultação de conteúdo crítico entre modos?,accessibility,Define brand_definition sem depender de escolhas visuais implícitas.,structured_text,,YES,ALWAYS,Non-empty; specific; no invented facts,Ask the user when the answer cannot be derived safely.,User statement or approved source,brand_definition,,UNANSWERED,,,,
1.0,DS-FORM-001,BOTH,15,ACC,Acessibilidade e adaptação cognitiva,9,DS-FORM-001-ACC-009,"Como zoom 200%, reflow e orientação serão verificados?",accessibility,Define brand_definition sem depender de escolhas visuais implícitas.,structured_text,,YES,ALWAYS,Non-empty; specific; no invented facts,Ask the user when the answer cannot be derived safely.,User statement or approved source,brand_definition,,UNANSWERED,,,,
1.0,DS-FORM-001,BOTH,15,ACC,Acessibilidade e adaptação cognitiva,10,DS-FORM-001-ACC-010,"Como teclado, leitor de tela, foco e landmarks serão testados?",accessibility,Define brand_definition sem depender de escolhas visuais implícitas.,structured_text,,YES,ALWAYS,Non-empty; specific; no invented facts,Ask the user when the answer cannot be derived safely.,User statement or approved source,brand_definition,,UNANSWERED,,,,
1.0,DS-FORM-001,BOTH,15,ACC,Acessibilidade e adaptação cognitiva,11,DS-FORM-001-ACC-011,Como privacidade e analytics tratam preferências cognitivas?,accessibility,Define brand_definition sem depender de escolhas visuais implícitas.,structured_text,,YES,ALWAYS,Non-empty; specific; no invented facts,Ask the user when the answer cannot be derived safely.,User statement or approved source,brand_definition,,UNANSWERED,,,,
1.0,DS-FORM-001,BOTH,15,ACC,Acessibilidade e adaptação cognitiva,12,DS-FORM-001-ACC-012,Quais validações exigem usuários reais antes de claims públicos?,accessibility,Define brand_definition sem depender de escolhas visuais implícitas.,structured_text,,YES,ALWAYS,"Separate implemented, tested and validated",Ask the user when the answer cannot be derived safely.,User statement or approved source,brand_definition,,UNANSWERED,,,,
1.0,DS-FORM-001,BOTH,16,CMP,Arquitetura de componentes,1,DS-FORM-001-CMP-001,Quais componentes primitivos são necessários?,component_system,Define brand_definition sem depender de escolhas visuais implícitas.,multi_select,button|input|select|checkbox|radio|switch|link|icon_button|divider|text|heading,YES,ALWAYS,Non-empty; specific; no invented facts,Ask the user when the answer cannot be derived safely.,User statement or approved source,brand_definition,,UNANSWERED,,,,
1.0,DS-FORM-001,BOTH,16,CMP,Arquitetura de componentes,2,DS-FORM-001-CMP-002,Quais componentes compostos são necessários?,component_system,Define brand_definition sem depender de escolhas visuais implícitas.,list_of_objects,,YES,ALWAYS,Non-empty; specific; no invented facts,Ask the user when the answer cannot be derived safely.,User statement or approved source,brand_definition,,UNANSWERED,,,,
1.0,DS-FORM-001,BOTH,16,CMP,Arquitetura de componentes,3,DS-FORM-001-CMP-003,Quais componentes são compartilhados entre todos os produtos?,component_system,Define brand_definition sem depender de escolhas visuais implícitas.,list_of_objects,,YES,ALWAYS,Non-empty; specific; no invented facts,Ask the user when the answer cannot be derived safely.,User statement or approved source,brand_definition,,UNANSWERED,,,,
1.0,DS-FORM-001,BOTH,16,CMP,Arquitetura de componentes,4,DS-FORM-001-CMP-004,"Quais componentes permanecem específicos do app, blog, mobile ou print?",component_system,Define brand_definition sem depender de escolhas visuais implícitas.,relationship_matrix,,YES,ALWAYS,Non-empty; specific; no invented facts,Ask the user when the answer cannot be derived safely.,User statement or approved source,brand_definition,,UNANSWERED,,,,
1.0,DS-FORM-001,BOTH,16,CMP,Arquitetura de componentes,5,DS-FORM-001-CMP-005,Quais variantes e tamanhos são permitidos por componente?,component_system,Define brand_definition sem depender de escolhas visuais implícitas.,relationship_matrix,,YES,ALWAYS,Non-empty; specific; no invented facts,Ask the user when the answer cannot be derived safely.,User statement or approved source,brand_definition,,UNANSWERED,,,,
1.0,DS-FORM-001,BOTH,16,CMP,Arquitetura de componentes,6,DS-FORM-001-CMP-006,"Quais props, slots, estados e eventos compõem o contrato?",component_system,Define brand_definition sem depender de escolhas visuais implícitas.,structured_text,,YES,ALWAYS,Non-empty; specific; no invented facts,Ask the user when the answer cannot be derived safely.,User statement or approved source,brand_definition,,UNANSWERED,,,,
1.0,DS-FORM-001,BOTH,16,CMP,Arquitetura de componentes,7,DS-FORM-001-CMP-007,Quais regras de composição evitam duplicação?,component_system,Define brand_definition sem depender de escolhas visuais implícitas.,structured_text,,YES,ALWAYS,Non-empty; specific; no invented facts,Ask the user when the answer cannot be derived safely.,User statement or approved source,brand_definition,,UNANSWERED,,,,
1.0,DS-FORM-001,BOTH,16,CMP,Arquitetura de componentes,8,DS-FORM-001-CMP-008,Como tokens de componente derivam de tokens semânticos?,component_system,Define brand_definition sem depender de escolhas visuais implícitas.,structured_text,,YES,ALWAYS,Non-empty; specific; no invented facts,Ask the user when the answer cannot be derived safely.,User statement or approved source,brand_definition,,UNANSWERED,,,,
1.0,DS-FORM-001,BOTH,16,CMP,Arquitetura de componentes,9,DS-FORM-001-CMP-009,"Como Storybook documentará comportamento, acessibilidade e conteúdo extremo?",component_system,Define brand_definition sem depender de escolhas visuais implícitas.,structured_text,,YES,ALWAYS,Non-empty; specific; no invented facts,Ask the user when the answer cannot be derived safely.,User statement or approved source,brand_definition,,UNANSWERED,,,,
1.0,DS-FORM-001,BOTH,16,CMP,Arquitetura de componentes,10,DS-FORM-001-CMP-010,"Quais componentes exigem testes visuais, unitários e E2E?",component_system,Define brand_definition sem depender de escolhas visuais implícitas.,relationship_matrix,,YES,ALWAYS,Non-empty; specific; no invented facts,Ask the user when the answer cannot be derived safely.,User statement or approved source,brand_definition,,UNANSWERED,,,,
1.0,DS-FORM-001,BOTH,16,CMP,Arquitetura de componentes,11,DS-FORM-001-CMP-011,Quais componentes legados devem ser removidos após equivalência?,component_system,Define brand_definition sem depender de escolhas visuais implícitas.,list_of_objects,,NO,FORM_MODE=MIGRATION,Non-empty; specific; no invented facts,Ask the user when the answer cannot be derived safely.,User statement or approved source,brand_definition,,UNANSWERED,,,,
1.0,DS-FORM-001,BOTH,16,CMP,Arquitetura de componentes,12,DS-FORM-001-CMP-012,Qual critério define um componente como estável e publicável?,component_system,Define brand_definition sem depender de escolhas visuais implícitas.,structured_text,,YES,ALWAYS,Non-empty; specific; no invented facts,Ask the user when the answer cannot be derived safely.,User statement or approved source,brand_definition,,UNANSWERED,,,,
1.0,DS-FORM-001,BOTH,17,EDT,Sistema editorial e conteúdo,1,DS-FORM-001-EDT-001,Quais tipos de conteúdo serão publicados?,editorial_system,Define brand_definition sem depender de escolhas visuais implícitas.,multi_select,article|essay|research|news|case_study|documentation|report|social|email|presentation,YES,ALWAYS,Non-empty; specific; no invented facts,Ask the user when the answer cannot be derived safely.,User statement or approved source,brand_definition,,UNANSWERED,,,,
1.0,DS-FORM-001,BOTH,17,EDT,Sistema editorial e conteúdo,2,DS-FORM-001-EDT-002,Qual anatomia canônica existe para cada tipo?,editorial_system,Define brand_definition sem depender de escolhas visuais implícitas.,relationship_matrix,,YES,ALWAYS,Non-empty; specific; no invented facts,Ask the user when the answer cannot be derived safely.,User statement or approved source,brand_definition,,UNANSWERED,,,,
1.0,DS-FORM-001,BOTH,17,EDT,Sistema editorial e conteúdo,3,DS-FORM-001-EDT-003,"Quais níveis de heading, lead, body, quote, evidence, callout e reference são necessários?",editorial_system,Define brand_definition sem depender de escolhas visuais implícitas.,structured_text,,YES,ALWAYS,Non-empty; specific; no invented facts,Ask the user when the answer cannot be derived safely.,User statement or approved source,brand_definition,,UNANSWERED,,,,
1.0,DS-FORM-001,BOTH,17,EDT,Sistema editorial e conteúdo,4,DS-FORM-001-EDT-004,Quais representações alternativas do mesmo conteúdo existirão?,editorial_system,Define brand_definition sem depender de escolhas visuais implícitas.,multi_select,integral|essential|visual|audio_ready|plain_language,YES,ALWAYS,Non-empty; specific; no invented facts,Ask the user when the answer cannot be derived safely.,User statement or approved source,brand_definition,,UNANSWERED,,,,
1.0,DS-FORM-001,BOTH,17,EDT,Sistema editorial e conteúdo,5,DS-FORM-001-EDT-005,Como representações permanecem ligadas ao mesmo conceito canônico?,editorial_system,Define brand_definition sem depender de escolhas visuais implícitas.,structured_text,,YES,ALWAYS,Non-empty; specific; no invented facts,Ask the user when the answer cannot be derived safely.,User statement or approved source,brand_definition,,UNANSWERED,,,,
1.0,DS-FORM-001,BOTH,17,EDT,Sistema editorial e conteúdo,6,DS-FORM-001-EDT-006,"Como autoria, data, versão, revisão e fontes aparecem?",editorial_system,Define brand_definition sem depender de escolhas visuais implícitas.,structured_text,,YES,ALWAYS,Non-empty; specific; no invented facts,Ask the user when the answer cannot be derived safely.,User statement or approved source,brand_definition,,UNANSWERED,,,,
1.0,DS-FORM-001,BOTH,17,EDT,Sistema editorial e conteúdo,7,DS-FORM-001-EDT-007,"Quais regras governam destaque, marca-texto, callouts e citações?",editorial_system,Define brand_definition sem depender de escolhas visuais implícitas.,structured_text,,YES,ALWAYS,Non-empty; specific; no invented facts,Ask the user when the answer cannot be derived safely.,User statement or approved source,brand_definition,,UNANSWERED,,,,
1.0,DS-FORM-001,BOTH,17,EDT,Sistema editorial e conteúdo,8,DS-FORM-001-EDT-008,"Como cards editoriais, arquivos, temas e busca mantêm coerência?",editorial_system,Define brand_definition sem depender de escolhas visuais implícitas.,structured_text,,YES,ALWAYS,Non-empty; specific; no invented facts,Ask the user when the answer cannot be derived safely.,User statement or approved source,brand_definition,,UNANSWERED,,,,
1.0,DS-FORM-001,BOTH,17,EDT,Sistema editorial e conteúdo,9,DS-FORM-001-EDT-009,Como conteúdo longo se comporta em mobile e impressão?,editorial_system,Define brand_definition sem depender de escolhas visuais implícitas.,structured_text,,YES,ALWAYS,Non-empty; specific; no invented facts,Ask the user when the answer cannot be derived safely.,User statement or approved source,brand_definition,,UNANSWERED,,,,
1.0,DS-FORM-001,BOTH,17,EDT,Sistema editorial e conteúdo,10,DS-FORM-001-EDT-010,Quais templates editoriais devem ser gerados?,editorial_system,Define brand_definition sem depender de escolhas visuais implícitas.,list_of_objects,,YES,ALWAYS,Non-empty; specific; no invented facts,Ask the user when the answer cannot be derived safely.,User statement or approved source,brand_definition,,UNANSWERED,,,,
1.0,DS-FORM-001,BOTH,18,CHN,Aplicações multicanal,1,DS-FORM-001-CHN-001,Quais superfícies digitais entram na primeira versão?,channel_system,Define brand_definition sem depender de escolhas visuais implícitas.,multi_select,saas|marketing_site|blog|mobile_web|ios|android|email|docs|storybook,YES,ALWAYS,Non-empty; specific; no invented facts,Ask the user when the answer cannot be derived safely.,User statement or approved source,brand_definition,,UNANSWERED,,,,
1.0,DS-FORM-001,BOTH,18,CHN,Aplicações multicanal,2,DS-FORM-001-CHN-002,Quais superfícies impressas entram na primeira versão?,channel_system,Define brand_definition sem depender de escolhas visuais implícitas.,multi_select,a4_report|a3_map|prisma|booklet|card|poster|letterhead|business_card|sticker,YES,ALWAYS,Non-empty; specific; no invented facts,Ask the user when the answer cannot be derived safely.,User statement or approved source,brand_definition,,UNANSWERED,,,,
1.0,DS-FORM-001,BOTH,18,CHN,Aplicações multicanal,3,DS-FORM-001-CHN-003,"Qual densidade, hierarquia e ação primária muda por canal?",channel_system,Define brand_definition sem depender de escolhas visuais implícitas.,relationship_matrix,,YES,ALWAYS,Non-empty; specific; no invented facts,Ask the user when the answer cannot be derived safely.,User statement or approved source,brand_definition,,UNANSWERED,,,,
1.0,DS-FORM-001,BOTH,18,CHN,Aplicações multicanal,4,DS-FORM-001-CHN-004,Quais tokens são universais e quais são adaptadores de canal?,channel_system,Define brand_definition sem depender de escolhas visuais implícitas.,relationship_matrix,,YES,ALWAYS,Non-empty; specific; no invented facts,Ask the user when the answer cannot be derived safely.,User statement or approved source,brand_definition,,UNANSWERED,,,,
1.0,DS-FORM-001,BOTH,18,CHN,Aplicações multicanal,5,DS-FORM-001-CHN-005,Como a identidade se comporta no SaaS operacional?,channel_system,Define brand_definition sem depender de escolhas visuais implícitas.,structured_text,,YES,ALWAYS,Non-empty; specific; no invented facts,Ask the user when the answer cannot be derived safely.,User statement or approved source,brand_definition,,UNANSWERED,,,,
1.0,DS-FORM-001,BOTH,18,CHN,Aplicações multicanal,6,DS-FORM-001-CHN-006,Como a identidade se comporta no blog editorial?,channel_system,Define brand_definition sem depender de escolhas visuais implícitas.,structured_text,,YES,ALWAYS,Non-empty; specific; no invented facts,Ask the user when the answer cannot be derived safely.,User statement or approved source,brand_definition,,UNANSWERED,,,,
1.0,DS-FORM-001,BOTH,18,CHN,Aplicações multicanal,7,DS-FORM-001-CHN-007,Como a identidade se comporta no mobile nativo?,channel_system,Define brand_definition sem depender de escolhas visuais implícitas.,structured_text,,YES,ALWAYS,Non-empty; specific; no invented facts,Ask the user when the answer cannot be derived safely.,User statement or approved source,brand_definition,,UNANSWERED,,,,
1.0,DS-FORM-001,BOTH,18,CHN,Aplicações multicanal,8,DS-FORM-001-CHN-008,Como a identidade se comporta em e-mails transacionais e editoriais?,channel_system,Define brand_definition sem depender de escolhas visuais implícitas.,structured_text,,YES,ALWAYS,Non-empty; specific; no invented facts,Ask the user when the answer cannot be derived safely.,User statement or approved source,brand_definition,,UNANSWERED,,,,
1.0,DS-FORM-001,BOTH,18,CHN,Aplicações multicanal,9,DS-FORM-001-CHN-009,Como a identidade se comporta em redes sociais e thumbnails?,channel_system,Define brand_definition sem depender de escolhas visuais implícitas.,structured_text,,YES,ALWAYS,Non-empty; specific; no invented facts,Ask the user when the answer cannot be derived safely.,User statement or approved source,brand_definition,,UNANSWERED,,,,
1.0,DS-FORM-001,BOTH,18,CHN,Aplicações multicanal,10,DS-FORM-001-CHN-010,Como a identidade se comporta em apresentações?,channel_system,Define brand_definition sem depender de escolhas visuais implícitas.,structured_text,,YES,ALWAYS,Non-empty; specific; no invented facts,Ask the user when the answer cannot be derived safely.,User statement or approved source,brand_definition,,UNANSWERED,,,,
1.0,DS-FORM-001,BOTH,18,CHN,Aplicações multicanal,11,DS-FORM-001-CHN-011,Como a identidade se comporta em relatórios e documentos?,channel_system,Define brand_definition sem depender de escolhas visuais implícitas.,structured_text,,YES,ALWAYS,Non-empty; specific; no invented facts,Ask the user when the answer cannot be derived safely.,User statement or approved source,brand_definition,,UNANSWERED,,,,
1.0,DS-FORM-001,BOTH,18,CHN,Aplicações multicanal,12,DS-FORM-001-CHN-012,Como a identidade se comporta em impressão compacta Prisma?,channel_system,Define brand_definition sem depender de escolhas visuais implícitas.,structured_text,,YES,ALWAYS,Non-empty; specific; no invented facts,Ask the user when the answer cannot be derived safely.,User statement or approved source,brand_definition,,UNANSWERED,,,,
1.0,DS-FORM-001,BOTH,18,CHN,Aplicações multicanal,13,DS-FORM-001-CHN-013,Quais assets responsivos devem ser gerados automaticamente?,channel_system,Define brand_definition sem depender de escolhas visuais implícitas.,list_of_objects,,YES,ALWAYS,Non-empty; specific; no invented facts,Ask the user when the answer cannot be derived safely.,User statement or approved source,brand_definition,,UNANSWERED,,,,
1.0,DS-FORM-001,BOTH,18,CHN,Aplicações multicanal,14,DS-FORM-001-CHN-014,Quais provas cruzadas demonstram que todos os canais pertencem à mesma marca?,channel_system,Define brand_definition sem depender de escolhas visuais implícitas.,list_of_objects,,YES,ALWAYS,Non-empty; specific; no invented facts,Ask the user when the answer cannot be derived safely.,User statement or approved source,brand_definition,,UNANSWERED,,,,
1.0,DS-FORM-001,BOTH,19,PRN,Produção gráfica e impressão,1,DS-FORM-001-PRN-001,"Quais formatos físicos, orientações e sistemas de dobra são necessários?",print_system,Define brand_definition sem depender de escolhas visuais implícitas.,list_of_objects,,YES,ALWAYS,Non-empty; specific; no invented facts,Ask the user when the answer cannot be derived safely.,User statement or approved source,brand_definition,,UNANSWERED,,,,
1.0,DS-FORM-001,BOTH,19,PRN,Produção gráfica e impressão,2,DS-FORM-001-PRN-002,"Quais margens, sangrias, áreas seguras e marcas técnicas são obrigatórias?",print_system,Define brand_definition sem depender de escolhas visuais implícitas.,relationship_matrix,,YES,ALWAYS,Non-empty; specific; no invented facts,Ask the user when the answer cannot be derived safely.,User statement or approved source,brand_definition,,UNANSWERED,,,,
1.0,DS-FORM-001,BOTH,19,PRN,Produção gráfica e impressão,3,DS-FORM-001-PRN-003,"Quais papéis, acabamentos e processos de impressão são previstos?",print_system,Define brand_definition sem depender de escolhas visuais implícitas.,structured_text,,YES,ALWAYS,Non-empty; specific; no invented facts,Ask the user when the answer cannot be derived safely.,User statement or approved source,brand_definition,,UNANSWERED,,,,
1.0,DS-FORM-001,BOTH,19,PRN,Produção gráfica e impressão,4,DS-FORM-001-PRN-004,Quais perfis de cor e condições de prova serão usados?,print_system,Define brand_definition sem depender de escolhas visuais implícitas.,structured_text,,YES,ALWAYS,Non-empty; specific; no invented facts,Ask the user when the answer cannot be derived safely.,User statement or approved source,brand_definition,,UNANSWERED,,,,
1.0,DS-FORM-001,BOTH,19,PRN,Produção gráfica e impressão,5,DS-FORM-001-PRN-005,Quais cores especiais ou limitações de tinta precisam ser consideradas?,print_system,Define brand_definition sem depender de escolhas visuais implícitas.,structured_text,,YES,ALWAYS,Non-empty; specific; no invented facts,Ask the user when the answer cannot be derived safely.,User statement or approved source,brand_definition,,UNANSWERED,,,,
1.0,DS-FORM-001,BOTH,19,PRN,Produção gráfica e impressão,6,DS-FORM-001-PRN-006,"Quais tamanhos mínimos de texto, linha e símbolo são seguros?",print_system,Define brand_definition sem depender de escolhas visuais implícitas.,relationship_matrix,,YES,ALWAYS,Non-empty; specific; no invented facts,Ask the user when the answer cannot be derived safely.,User statement or approved source,brand_definition,,UNANSWERED,,,,
1.0,DS-FORM-001,BOTH,19,PRN,Produção gráfica e impressão,7,DS-FORM-001-PRN-007,"Como QR codes, códigos, URLs e identificadores serão dimensionados e testados?",print_system,Define brand_definition sem depender de escolhas visuais implícitas.,structured_text,,YES,ALWAYS,Non-empty; specific; no invented facts,Ask the user when the answer cannot be derived safely.,User statement or approved source,brand_definition,,UNANSWERED,,,,
1.0,DS-FORM-001,BOTH,19,PRN,Produção gráfica e impressão,8,DS-FORM-001-PRN-008,Como o material funciona em preto e branco e impressoras domésticas?,print_system,Define brand_definition sem depender de escolhas visuais implícitas.,structured_text,,YES,ALWAYS,Non-empty; specific; no invented facts,Ask the user when the answer cannot be derived safely.,User statement or approved source,brand_definition,,UNANSWERED,,,,
1.0,DS-FORM-001,BOTH,19,PRN,Produção gráfica e impressão,9,DS-FORM-001-PRN-009,Como conteúdo variável é populado sem quebrar o layout?,print_system,Define brand_definition sem depender de escolhas visuais implícitas.,structured_text,,YES,ALWAYS,Non-empty; specific; no invented facts,Ask the user when the answer cannot be derived safely.,User statement or approved source,brand_definition,,UNANSWERED,,,,
1.0,DS-FORM-001,BOTH,19,PRN,Produção gráfica e impressão,10,DS-FORM-001-PRN-010,Quais templates precisam ser editáveis e em quais formatos?,print_system,Define brand_definition sem depender de escolhas visuais implícitas.,multi_select,html_print|pdf|svg|indesign|figma|docx|pptx,YES,ALWAYS,Non-empty; specific; no invented facts,Ask the user when the answer cannot be derived safely.,User statement or approved source,brand_definition,,UNANSWERED,,,,
1.0,DS-FORM-001,BOTH,19,PRN,Produção gráfica e impressão,11,DS-FORM-001-PRN-011,Quais checks de preflight antecedem a publicação?,print_system,Define brand_definition sem depender de escolhas visuais implícitas.,list_of_objects,,YES,ALWAYS,Non-empty; specific; no invented facts,Ask the user when the answer cannot be derived safely.,User statement or approved source,brand_definition,,UNANSWERED,,,,
1.0,DS-FORM-001,BOTH,19,PRN,Produção gráfica e impressão,12,DS-FORM-001-PRN-012,Qual prova física deve ser aprovada antes de declarar verificação?,print_system,Define brand_definition sem depender de escolhas visuais implícitas.,structured_text,,YES,ALWAYS,Non-empty; specific; no invented facts,Ask the user when the answer cannot be derived safely.,User statement or approved source,brand_definition,,UNANSWERED,,,,
1.0,DS-FORM-001,BOTH,20,TOK,Arquitetura de design tokens,1,DS-FORM-001-TOK-001,Qual formato canônico de tokens será adotado?,token_architecture,Define brand_definition sem depender de escolhas visuais implícitas.,single_select,DTCG_JSON|Tokens_Studio_JSON|custom_json,YES,ALWAYS,Non-empty; specific; no invented facts,Ask the user when the answer cannot be derived safely.,User statement or approved source,brand_definition,,UNANSWERED,,,,
1.0,DS-FORM-001,BOTH,20,TOK,Arquitetura de design tokens,2,DS-FORM-001-TOK-002,Quais famílias primitivas serão definidas?,token_architecture,Define brand_definition sem depender de escolhas visuais implícitas.,multi_select,color|font_family|font_weight|font_size|line_height|letter_spacing|space|size|radius|border|shadow|opacity|motion|z_index|breakpoint,YES,ALWAYS,Non-empty; specific; no invented facts,Ask the user when the answer cannot be derived safely.,User statement or approved source,brand_definition,,UNANSWERED,,,,
1.0,DS-FORM-001,BOTH,20,TOK,Arquitetura de design tokens,3,DS-FORM-001-TOK-003,Quais famílias semânticas serão definidas?,token_architecture,Define brand_definition sem depender de escolhas visuais implícitas.,list_of_objects,,YES,ALWAYS,Non-empty; specific; no invented facts,Ask the user when the answer cannot be derived safely.,User statement or approved source,brand_definition,,UNANSWERED,,,,
1.0,DS-FORM-001,BOTH,20,TOK,Arquitetura de design tokens,4,DS-FORM-001-TOK-004,Quais tokens de componente são permitidos?,token_architecture,Define brand_definition sem depender de escolhas visuais implícitas.,structured_text,,YES,ALWAYS,Non-empty; specific; no invented facts,Ask the user when the answer cannot be derived safely.,User statement or approved source,brand_definition,,UNANSWERED,,,,
1.0,DS-FORM-001,BOTH,20,TOK,Arquitetura de design tokens,5,DS-FORM-001-TOK-005,Como aliases impedem valores brutos nos componentes?,token_architecture,Define brand_definition sem depender de escolhas visuais implícitas.,structured_text,,YES,ALWAYS,Non-empty; specific; no invented facts,Ask the user when the answer cannot be derived safely.,User statement or approved source,brand_definition,,UNANSWERED,,,,
1.0,DS-FORM-001,BOTH,20,TOK,Arquitetura de design tokens,6,DS-FORM-001-TOK-006,Quais temas e modos devem ser compilados?,token_architecture,Define brand_definition sem depender de escolhas visuais implícitas.,list_of_objects,,YES,ALWAYS,Non-empty; specific; no invented facts,Ask the user when the answer cannot be derived safely.,User statement or approved source,brand_definition,,UNANSWERED,,,,
1.0,DS-FORM-001,BOTH,20,TOK,Arquitetura de design tokens,7,DS-FORM-001-TOK-007,Quais plataformas de saída devem ser geradas?,token_architecture,Define brand_definition sem depender de escolhas visuais implícitas.,multi_select,css_variables|typescript|tailwind|tamagui|react_native|figma|android_xml|ios_swift|print_css|json,YES,ALWAYS,Non-empty; specific; no invented facts,Ask the user when the answer cannot be derived safely.,User statement or approved source,brand_definition,,UNANSWERED,,,,
1.0,DS-FORM-001,BOTH,20,TOK,Arquitetura de design tokens,8,DS-FORM-001-TOK-008,"Como unidades px, rem, pt e mm são convertidas sem falsa equivalência?",token_architecture,Define brand_definition sem depender de escolhas visuais implícitas.,structured_text,,YES,ALWAYS,Non-empty; specific; no invented facts,Ask the user when the answer cannot be derived safely.,User statement or approved source,brand_definition,,UNANSWERED,,,,
1.0,DS-FORM-001,BOTH,20,TOK,Arquitetura de design tokens,9,DS-FORM-001-TOK-009,"Como tokens serão nomeados, versionados, depreciados e removidos?",token_architecture,Define brand_definition sem depender de escolhas visuais implícitas.,structured_text,,YES,ALWAYS,Non-empty; specific; no invented facts,Ask the user when the answer cannot be derived safely.,User statement or approved source,brand_definition,,UNANSWERED,,,,
1.0,DS-FORM-001,BOTH,20,TOK,Arquitetura de design tokens,10,DS-FORM-001-TOK-010,"Como o build valida referências quebradas, duplicatas e contrastes?",token_architecture,Define brand_definition sem depender de escolhas visuais implícitas.,structured_text,,YES,ALWAYS,Non-empty; specific; no invented facts,Ask the user when the answer cannot be derived safely.,User statement or approved source,brand_definition,,UNANSWERED,,,,
1.0,DS-FORM-001,BOTH,20,TOK,Arquitetura de design tokens,11,DS-FORM-001-TOK-011,Como consumidores recebem versões e changelog?,token_architecture,Define brand_definition sem depender de escolhas visuais implícitas.,structured_text,,YES,ALWAYS,Non-empty; specific; no invented facts,Ask the user when the answer cannot be derived safely.,User statement or approved source,brand_definition,,UNANSWERED,,,,
1.0,DS-FORM-001,BOTH,20,TOK,Arquitetura de design tokens,12,DS-FORM-001-TOK-012,Qual pacote e repositório serão a única fonte de verdade?,token_architecture,Define brand_definition sem depender de escolhas visuais implícitas.,short_text,,YES,ALWAYS,One canonical location only,Ask the user when the answer cannot be derived safely.,User statement or approved source,brand_definition,,UNANSWERED,,,,
1.0,DS-FORM-001,BOTH,21,TEC,Integração técnica,1,DS-FORM-001-TEC-001,Quais frameworks e runtimes precisam consumir o sistema?,technical_delivery,Define brand_definition sem depender de escolhas visuais implícitas.,list_of_objects,,YES,ALWAYS,Non-empty; specific; no invented facts,Ask the user when the answer cannot be derived safely.,User statement or approved source,brand_definition,,UNANSWERED,,,,
1.0,DS-FORM-001,BOTH,21,TEC,Integração técnica,2,DS-FORM-001-TEC-002,"Quais restrições de bundle, performance e carregamento de fontes existem?",technical_delivery,Define brand_definition sem depender de escolhas visuais implícitas.,structured_text,,YES,ALWAYS,Non-empty; specific; no invented facts,Ask the user when the answer cannot be derived safely.,User statement or approved source,brand_definition,,UNANSWERED,,,,
1.0,DS-FORM-001,BOTH,21,TEC,Integração técnica,3,DS-FORM-001-TEC-003,Como o pacote será distribuído entre repositórios?,technical_delivery,Define brand_definition sem depender de escolhas visuais implícitas.,single_select,workspace_package|private_registry|github_packages|git_dependency|other,YES,ALWAYS,Non-empty; specific; no invented facts,Ask the user when the answer cannot be derived safely.,User statement or approved source,brand_definition,,UNANSWERED,,,,
1.0,DS-FORM-001,BOTH,21,TEC,Integração técnica,4,DS-FORM-001-TEC-004,Como evitar cópias manuais de tokens entre projetos?,technical_delivery,Define brand_definition sem depender de escolhas visuais implícitas.,structured_text,,YES,ALWAYS,Non-empty; specific; no invented facts,Ask the user when the answer cannot be derived safely.,User statement or approved source,brand_definition,,UNANSWERED,,,,
1.0,DS-FORM-001,BOTH,21,TEC,Integração técnica,5,DS-FORM-001-TEC-005,"Como linting impedirá cores, spacing e tipografia arbitrários?",technical_delivery,Define brand_definition sem depender de escolhas visuais implícitas.,structured_text,,YES,ALWAYS,Non-empty; specific; no invented facts,Ask the user when the answer cannot be derived safely.,User statement or approved source,brand_definition,,UNANSWERED,,,,
1.0,DS-FORM-001,BOTH,21,TEC,Integração técnica,6,DS-FORM-001-TEC-006,Como visual regression será executado?,technical_delivery,Define brand_definition sem depender de escolhas visuais implícitas.,structured_text,,YES,ALWAYS,Non-empty; specific; no invented facts,Ask the user when the answer cannot be derived safely.,User statement or approved source,brand_definition,,UNANSWERED,,,,
1.0,DS-FORM-001,BOTH,21,TEC,Integração técnica,7,DS-FORM-001-TEC-007,Como versões incompatíveis serão detectadas no CI?,technical_delivery,Define brand_definition sem depender de escolhas visuais implícitas.,structured_text,,YES,ALWAYS,Non-empty; specific; no invented facts,Ask the user when the answer cannot be derived safely.,User statement or approved source,brand_definition,,UNANSWERED,,,,
1.0,DS-FORM-001,BOTH,21,TEC,Integração técnica,8,DS-FORM-001-TEC-008,"Como SSR, tema inicial e preferências evitam flash visual?",technical_delivery,Define brand_definition sem depender de escolhas visuais implícitas.,structured_text,,YES,ALWAYS,Non-empty; specific; no invented facts,Ask the user when the answer cannot be derived safely.,User statement or approved source,brand_definition,,UNANSWERED,,,,
1.0,DS-FORM-001,BOTH,21,TEC,Integração técnica,9,DS-FORM-001-TEC-009,"Como assets são otimizados, cacheados e invalidados?",technical_delivery,Define brand_definition sem depender de escolhas visuais implícitas.,structured_text,,YES,ALWAYS,Non-empty; specific; no invented facts,Ask the user when the answer cannot be derived safely.,User statement or approved source,brand_definition,,UNANSWERED,,,,
1.0,DS-FORM-001,BOTH,21,TEC,Integração técnica,10,DS-FORM-001-TEC-010,Quais ambientes precisam receber preview e aprovação?,technical_delivery,Define brand_definition sem depender de escolhas visuais implícitas.,multi_select,local|storybook|preview|staging|production,YES,ALWAYS,Non-empty; specific; no invented facts,Ask the user when the answer cannot be derived safely.,User statement or approved source,brand_definition,,UNANSWERED,,,,
1.0,DS-FORM-001,BOTH,21,TEC,Integração técnica,11,DS-FORM-001-TEC-011,Quais métricas de performance serão gates?,technical_delivery,Define brand_definition sem depender de escolhas visuais implícitas.,relationship_matrix,,YES,ALWAYS,Non-empty; specific; no invented facts,Ask the user when the answer cannot be derived safely.,User statement or approved source,brand_definition,,UNANSWERED,,,,
1.0,DS-FORM-001,BOTH,21,TEC,Integração técnica,12,DS-FORM-001-TEC-012,Qual estratégia permite rollback seguro?,technical_delivery,Define brand_definition sem depender de escolhas visuais implícitas.,structured_text,,YES,ALWAYS,Non-empty; specific; no invented facts,Ask the user when the answer cannot be derived safely.,User statement or approved source,brand_definition,,UNANSWERED,,,,
1.0,DS-FORM-001,MIGRATION,22,MIG,Auditoria e migração do existente,1,DS-FORM-001-MIG-001,"Quais repositórios, apps, bibliotecas e arquivos devem ser auditados?",migration,Define brand_definition sem depender de escolhas visuais implícitas.,list_of_objects,,YES,FORM_MODE=MIGRATION,Non-empty; specific; no invented facts,Ask the user when the answer cannot be derived safely.,User statement or approved source,brand_definition,,UNANSWERED,,,,
1.0,DS-FORM-001,MIGRATION,22,MIG,Auditoria e migração do existente,2,DS-FORM-001-MIG-002,Quais fontes de verdade visuais são declaradas hoje?,migration,Define brand_definition sem depender de escolhas visuais implícitas.,list_of_objects,,YES,FORM_MODE=MIGRATION,Non-empty; specific; no invented facts,Ask the user when the answer cannot be derived safely.,User statement or approved source,brand_definition,,UNANSWERED,,,,
1.0,DS-FORM-001,MIGRATION,22,MIG,Auditoria e migração do existente,3,DS-FORM-001-MIG-003,"Quais tokens, estilos e valores brutos estão em uso real?",migration,Define migration.current_tokens sem depender de escolhas visuais implícitas.,inventory,,YES,FORM_MODE=MIGRATION,"Include file path, token/value and consumer",Inspect code; do not rely only on documentation.,Repository evidence,migration.current_tokens,,UNANSWERED,,,,
1.0,DS-FORM-001,MIGRATION,22,MIG,Auditoria e migração do existente,4,DS-FORM-001-MIG-004,Quais identidades ou temas coexistem e onde entram em conflito?,migration,Define brand_definition sem depender de escolhas visuais implícitas.,conflict_matrix,,YES,FORM_MODE=MIGRATION,Non-empty; specific; no invented facts,Ask the user when the answer cannot be derived safely.,User statement or approved source,brand_definition,,UNANSWERED,,,,
1.0,DS-FORM-001,MIGRATION,22,MIG,Auditoria e migração do existente,5,DS-FORM-001-MIG-005,Quais componentes possuem CSS local ou duplicado?,migration,Define brand_definition sem depender de escolhas visuais implícitas.,inventory,,YES,FORM_MODE=MIGRATION,Non-empty; specific; no invented facts,Ask the user when the answer cannot be derived safely.,User statement or approved source,brand_definition,,UNANSWERED,,,,
1.0,DS-FORM-001,MIGRATION,22,MIG,Auditoria e migração do existente,6,DS-FORM-001-MIG-006,Quais fluxos e modelos mentais precisam ser preservados?,migration,Define brand_definition sem depender de escolhas visuais implícitas.,ranked_list,,YES,FORM_MODE=MIGRATION,Non-empty; specific; no invented facts,Ask the user when the answer cannot be derived safely.,User statement or approved source,brand_definition,,UNANSWERED,,,,
1.0,DS-FORM-001,MIGRATION,22,MIG,Auditoria e migração do existente,7,DS-FORM-001-MIG-007,"Quais decisões anteriores foram aprovadas, substituídas ou permanecem pendentes?",migration,Define brand_definition sem depender de escolhas visuais implícitas.,decision_register,,YES,FORM_MODE=MIGRATION,Non-empty; specific; no invented facts,Ask the user when the answer cannot be derived safely.,User statement or approved source,brand_definition,,UNANSWERED,,,,
1.0,DS-FORM-001,MIGRATION,22,MIG,Auditoria e migração do existente,8,DS-FORM-001-MIG-008,"Quais ativos possuem direitos, qualidade e formatos adequados?",migration,Define brand_definition sem depender de escolhas visuais implícitas.,asset_inventory,,YES,FORM_MODE=MIGRATION,Non-empty; specific; no invented facts,Ask the user when the answer cannot be derived safely.,User statement or approved source,brand_definition,,UNANSWERED,,,,
1.0,DS-FORM-001,MIGRATION,22,MIG,Auditoria e migração do existente,9,DS-FORM-001-MIG-009,Quais componentes podem ser reutilizados sem herdar o visual?,migration,Define brand_definition sem depender de escolhas visuais implícitas.,list_of_objects,,NO,FORM_MODE=MIGRATION,Non-empty; specific; no invented facts,Ask the user when the answer cannot be derived safely.,User statement or approved source,brand_definition,,UNANSWERED,,,,
1.0,DS-FORM-001,MIGRATION,22,MIG,Auditoria e migração do existente,10,DS-FORM-001-MIG-010,Quais estilos devem ser descartados completamente?,migration,Define brand_definition sem depender de escolhas visuais implícitas.,list_of_objects,,YES,FORM_MODE=MIGRATION,Non-empty; specific; no invented facts,Ask the user when the answer cannot be derived safely.,User statement or approved source,brand_definition,,UNANSWERED,,,,
1.0,DS-FORM-001,MIGRATION,22,MIG,Auditoria e migração do existente,11,DS-FORM-001-MIG-011,Qual matriz old-token para new-token deve ser gerada?,migration,Define brand_definition sem depender de escolhas visuais implícitas.,mapping_matrix,,YES,FORM_MODE=MIGRATION,Non-empty; specific; no invented facts,Ask the user when the answer cannot be derived safely.,User statement or approved source,brand_definition,,UNANSWERED,,,,
1.0,DS-FORM-001,MIGRATION,22,MIG,Auditoria e migração do existente,12,DS-FORM-001-MIG-012,Qual ordem de migração reduz risco e retrabalho?,migration,Define brand_definition sem depender de escolhas visuais implícitas.,ordered_list,,YES,FORM_MODE=MIGRATION,Non-empty; specific; no invented facts,Ask the user when the answer cannot be derived safely.,User statement or approved source,brand_definition,,UNANSWERED,,,,
1.0,DS-FORM-001,MIGRATION,22,MIG,Auditoria e migração do existente,13,DS-FORM-001-MIG-013,Quais gates comprovam equivalência funcional antes de remover o legado?,migration,Define brand_definition sem depender de escolhas visuais implícitas.,list_of_objects,,YES,FORM_MODE=MIGRATION,Non-empty; specific; no invented facts,Ask the user when the answer cannot be derived safely.,User statement or approved source,brand_definition,,UNANSWERED,,,,
1.0,DS-FORM-001,MIGRATION,22,MIG,Auditoria e migração do existente,14,DS-FORM-001-MIG-014,Quais exceções temporárias possuem owner e data de remoção?,migration,Define brand_definition sem depender de escolhas visuais implícitas.,list_of_objects,,YES,FORM_MODE=MIGRATION,Non-empty; specific; no invented facts,Ask the user when the answer cannot be derived safely.,User statement or approved source,brand_definition,,UNANSWERED,,,,
1.0,DS-FORM-001,MIGRATION,22,MIG,Auditoria e migração do existente,15,DS-FORM-001-MIG-015,Qual rollback será usado por superfície?,migration,Define brand_definition sem depender de escolhas visuais implícitas.,relationship_matrix,,YES,FORM_MODE=MIGRATION,Non-empty; specific; no invented facts,Ask the user when the answer cannot be derived safely.,User statement or approved source,brand_definition,,UNANSWERED,,,,
1.0,DS-FORM-001,BOTH,23,GOV,Governança e ciclo de vida,1,DS-FORM-001-GOV-001,"Quem pode propor, aprovar, implementar e publicar mudanças?",governance,Define brand_definition sem depender de escolhas visuais implícitas.,responsibility_matrix,,YES,ALWAYS,Non-empty; specific; no invented facts,Ask the user when the answer cannot be derived safely.,User statement or approved source,brand_definition,,UNANSWERED,,,,
1.0,DS-FORM-001,BOTH,23,GOV,Governança e ciclo de vida,2,DS-FORM-001-GOV-002,Qual versionamento será adotado?,governance,Define brand_definition sem depender de escolhas visuais implícitas.,single_select,semantic_versioning|calendar_versioning|custom,YES,ALWAYS,Non-empty; specific; no invented facts,Ask the user when the answer cannot be derived safely.,User statement or approved source,brand_definition,,UNANSWERED,,,,
1.0,DS-FORM-001,BOTH,23,GOV,Governança e ciclo de vida,3,DS-FORM-001-GOV-003,Quais estados de lifecycle devem existir?,governance,Define brand_definition sem depender de escolhas visuais implícitas.,ordered_list,draft|review|approved|implemented|tested|verified|published|deprecated|archived,YES,ALWAYS,Non-empty; specific; no invented facts,Ask the user when the answer cannot be derived safely.,User statement or approved source,brand_definition,,UNANSWERED,,,,
1.0,DS-FORM-001,BOTH,23,GOV,Governança e ciclo de vida,4,DS-FORM-001-GOV-004,Qual evidência é necessária para avançar em cada estado?,governance,Define brand_definition sem depender de escolhas visuais implícitas.,relationship_matrix,,YES,ALWAYS,Non-empty; specific; no invented facts,Ask the user when the answer cannot be derived safely.,User statement or approved source,brand_definition,,UNANSWERED,,,,
1.0,DS-FORM-001,BOTH,23,GOV,Governança e ciclo de vida,5,DS-FORM-001-GOV-005,Como decisões serão registradas em ADR ou decision log?,governance,Define brand_definition sem depender de escolhas visuais implícitas.,structured_text,,YES,ALWAYS,Non-empty; specific; no invented facts,Ask the user when the answer cannot be derived safely.,User statement or approved source,brand_definition,,UNANSWERED,,,,
1.0,DS-FORM-001,BOTH,23,GOV,Governança e ciclo de vida,6,DS-FORM-001-GOV-006,Como requests de novos componentes e tokens serão avaliados?,governance,Define brand_definition sem depender de escolhas visuais implícitas.,structured_text,,YES,ALWAYS,Non-empty; specific; no invented facts,Ask the user when the answer cannot be derived safely.,User statement or approved source,brand_definition,,UNANSWERED,,,,
1.0,DS-FORM-001,BOTH,23,GOV,Governança e ciclo de vida,7,DS-FORM-001-GOV-007,Qual SLA de revisão e manutenção é esperado?,governance,Define brand_definition sem depender de escolhas visuais implícitas.,structured_text,,YES,ALWAYS,Non-empty; specific; no invented facts,Ask the user when the answer cannot be derived safely.,User statement or approved source,brand_definition,,UNANSWERED,,,,
1.0,DS-FORM-001,BOTH,23,GOV,Governança e ciclo de vida,8,DS-FORM-001-GOV-008,Como documentação e exemplos permanecem sincronizados com o código?,governance,Define brand_definition sem depender de escolhas visuais implícitas.,structured_text,,YES,ALWAYS,Non-empty; specific; no invented facts,Ask the user when the answer cannot be derived safely.,User statement or approved source,brand_definition,,UNANSWERED,,,,
1.0,DS-FORM-001,BOTH,23,GOV,Governança e ciclo de vida,9,DS-FORM-001-GOV-009,Como breaking changes são comunicadas?,governance,Define brand_definition sem depender de escolhas visuais implícitas.,structured_text,,YES,ALWAYS,Non-empty; specific; no invented facts,Ask the user when the answer cannot be derived safely.,User statement or approved source,brand_definition,,UNANSWERED,,,,
1.0,DS-FORM-001,BOTH,23,GOV,Governança e ciclo de vida,10,DS-FORM-001-GOV-010,"Quais métricas indicarão adoção, consistência e dívida visual?",governance,Define brand_definition sem depender de escolhas visuais implícitas.,relationship_matrix,,YES,ALWAYS,Non-empty; specific; no invented facts,Ask the user when the answer cannot be derived safely.,User statement or approved source,brand_definition,,UNANSWERED,,,,
1.0,DS-FORM-001,BOTH,23,GOV,Governança e ciclo de vida,11,DS-FORM-001-GOV-011,Como exceções são registradas e expiradas?,governance,Define brand_definition sem depender de escolhas visuais implícitas.,structured_text,,YES,ALWAYS,Non-empty; specific; no invented facts,Ask the user when the answer cannot be derived safely.,User statement or approved source,brand_definition,,UNANSWERED,,,,
1.0,DS-FORM-001,BOTH,23,GOV,Governança e ciclo de vida,12,DS-FORM-001-GOV-012,Qual cadência de auditoria do sistema será adotada?,governance,Define brand_definition sem depender de escolhas visuais implícitas.,single_select,monthly|quarterly|semiannual|annual|event_based,YES,ALWAYS,Non-empty; specific; no invented facts,Ask the user when the answer cannot be derived safely.,User statement or approved source,brand_definition,,UNANSWERED,,,,
1.0,DS-FORM-001,BOTH,24,QAT,QA e critérios de aprovação,1,DS-FORM-001-QAT-001,Quais viewports e dispositivos compõem a matriz de QA?,quality_assurance,Define brand_definition sem depender de escolhas visuais implícitas.,list_of_objects,,YES,ALWAYS,Non-empty; specific; no invented facts,Ask the user when the answer cannot be derived safely.,User statement or approved source,brand_definition,,UNANSWERED,,,,
1.0,DS-FORM-001,BOTH,24,QAT,QA e critérios de aprovação,2,DS-FORM-001-QAT-002,"Quais combinações de tema, modo cognitivo e canal devem ser testadas?",quality_assurance,Define brand_definition sem depender de escolhas visuais implícitas.,test_matrix,,YES,ALWAYS,Non-empty; specific; no invented facts,Ask the user when the answer cannot be derived safely.,User statement or approved source,brand_definition,,UNANSWERED,,,,
1.0,DS-FORM-001,BOTH,24,QAT,QA e critérios de aprovação,3,DS-FORM-001-QAT-003,Quais conteúdos extremos serão usados para stress test?,quality_assurance,Define brand_definition sem depender de escolhas visuais implícitas.,list_of_objects,,YES,ALWAYS,Non-empty; specific; no invented facts,Ask the user when the answer cannot be derived safely.,User statement or approved source,brand_definition,,UNANSWERED,,,,
1.0,DS-FORM-001,BOTH,24,QAT,QA e critérios de aprovação,4,DS-FORM-001-QAT-004,"Quais critérios de contraste, teclado, leitor de tela, zoom e reflow devem passar?",quality_assurance,Define brand_definition sem depender de escolhas visuais implícitas.,checklist,,YES,ALWAYS,Non-empty; specific; no invented facts,Ask the user when the answer cannot be derived safely.,User statement or approved source,brand_definition,,UNANSWERED,,,,
1.0,DS-FORM-001,BOTH,24,QAT,QA e critérios de aprovação,5,DS-FORM-001-QAT-005,Quais tolerâncias de regressão visual são aceitáveis?,quality_assurance,Define brand_definition sem depender de escolhas visuais implícitas.,structured_text,,YES,ALWAYS,Non-empty; specific; no invented facts,Ask the user when the answer cannot be derived safely.,User statement or approved source,brand_definition,,UNANSWERED,,,,
1.0,DS-FORM-001,BOTH,24,QAT,QA e critérios de aprovação,6,DS-FORM-001-QAT-006,"Quais browsers, sistemas e versões possuem suporte obrigatório?",quality_assurance,Define brand_definition sem depender de escolhas visuais implícitas.,list_of_objects,,YES,ALWAYS,Non-empty; specific; no invented facts,Ask the user when the answer cannot be derived safely.,User statement or approved source,brand_definition,,UNANSWERED,,,,
1.0,DS-FORM-001,BOTH,24,QAT,QA e critérios de aprovação,7,DS-FORM-001-QAT-007,Quais provas digitais e físicas exigem aprovação humana?,quality_assurance,Define brand_definition sem depender de escolhas visuais implícitas.,list_of_objects,,YES,ALWAYS,Non-empty; specific; no invented facts,Ask the user when the answer cannot be derived safely.,User statement or approved source,brand_definition,,UNANSWERED,,,,
1.0,DS-FORM-001,BOTH,24,QAT,QA e critérios de aprovação,8,DS-FORM-001-QAT-008,Como defeitos são classificados por severidade?,quality_assurance,Define brand_definition sem depender de escolhas visuais implícitas.,structured_text,,YES,ALWAYS,Non-empty; specific; no invented facts,Ask the user when the answer cannot be derived safely.,User statement or approved source,brand_definition,,UNANSWERED,,,,
1.0,DS-FORM-001,BOTH,24,QAT,QA e critérios de aprovação,9,DS-FORM-001-QAT-009,"Qual definição de pronto existe para tokens, componente, template e canal?",quality_assurance,Define brand_definition sem depender de escolhas visuais implícitas.,relationship_matrix,,YES,ALWAYS,Non-empty; specific; no invented facts,Ask the user when the answer cannot be derived safely.,User statement or approved source,brand_definition,,UNANSWERED,,,,
1.0,DS-FORM-001,BOTH,24,QAT,QA e critérios de aprovação,10,DS-FORM-001-QAT-010,Quais estados não equivalentes devem ser preservados nos relatórios?,quality_assurance,Define brand_definition sem depender de escolhas visuais implícitas.,ordered_list,existing|defined|approved|implemented|tested|verified|published,YES,ALWAYS,Non-empty; specific; no invented facts,Ask the user when the answer cannot be derived safely.,User statement or approved source,brand_definition,,UNANSWERED,,,,
1.0,DS-FORM-001,BOTH,24,QAT,QA e critérios de aprovação,11,DS-FORM-001-QAT-011,Quais métricas de usabilidade precisam ser medidas?,quality_assurance,Define brand_definition sem depender de escolhas visuais implícitas.,relationship_matrix,,YES,ALWAYS,Non-empty; specific; no invented facts,Ask the user when the answer cannot be derived safely.,User statement or approved source,brand_definition,,UNANSWERED,,,,
1.0,DS-FORM-001,BOTH,24,QAT,QA e critérios de aprovação,12,DS-FORM-001-QAT-012,Quem assina o gate final de publicação?,quality_assurance,Define brand_definition sem depender de escolhas visuais implícitas.,short_text,,YES,ALWAYS,Named role or NAO_DETERMINADO,Ask the user when the answer cannot be derived safely.,User statement or approved source,brand_definition,,UNANSWERED,,,,
1.0,DS-FORM-001,BOTH,25,OUT,Contrato de entregáveis finais,1,DS-FORM-001-OUT-001,Entregar estratégia e arquitetura de marca completas?,deliverables,Define brand_definition sem depender de escolhas visuais implícitas.,acceptance,YES|NO,YES,ALWAYS,YES required for completion,Ask the user when the answer cannot be derived safely.,User statement or approved source,brand_definition,,UNANSWERED,,,,
1.0,DS-FORM-001,BOTH,25,OUT,Contrato de entregáveis finais,2,DS-FORM-001-OUT-002,"Entregar posicionamento, personalidade e identidade verbal completas?",deliverables,Define brand_definition sem depender de escolhas visuais implícitas.,acceptance,YES|NO,YES,ALWAYS,YES required for completion,Ask the user when the answer cannot be derived safely.,User statement or approved source,brand_definition,,UNANSWERED,,,,
1.0,DS-FORM-001,BOTH,25,OUT,Contrato de entregáveis finais,3,DS-FORM-001-OUT-003,"Entregar naming e sistema de assinatura, quando aplicáveis?",deliverables,Define brand_definition sem depender de escolhas visuais implícitas.,acceptance,YES|NO|NA,YES,ALWAYS,YES or NA with rationale,Ask the user when the answer cannot be derived safely.,User statement or approved source,brand_definition,,UNANSWERED,,,,
1.0,DS-FORM-001,BOTH,25,OUT,Contrato de entregáveis finais,4,DS-FORM-001-OUT-004,Entregar 2 a 4 direções criativas comparáveis e decisão aprovada?,deliverables,Define brand_definition sem depender de escolhas visuais implícitas.,acceptance,YES|NO,YES,FORM_MODE=ZERO_BASE,YES required for zero-base completion,Ask the user when the answer cannot be derived safely.,User statement or approved source,brand_definition,,UNANSWERED,,,,
1.0,DS-FORM-001,BOTH,25,OUT,Contrato de entregáveis finais,5,DS-FORM-001-OUT-005,Entregar sistema de logo e arquivos mestres?,deliverables,Define brand_definition sem depender de escolhas visuais implícitas.,acceptance,YES|NO,YES,ALWAYS,YES required for completion,Ask the user when the answer cannot be derived safely.,User statement or approved source,brand_definition,,UNANSWERED,,,,
1.0,DS-FORM-001,BOTH,25,OUT,Contrato de entregáveis finais,6,DS-FORM-001-OUT-006,"Entregar sistemas de cor, tipografia, grid, raio, borda e elevação?",deliverables,Define brand_definition sem depender de escolhas visuais implícitas.,acceptance,YES|NO,YES,ALWAYS,YES required for completion,Ask the user when the answer cannot be derived safely.,User statement or approved source,brand_definition,,UNANSWERED,,,,
1.0,DS-FORM-001,BOTH,25,OUT,Contrato de entregáveis finais,7,DS-FORM-001-OUT-007,"Entregar iconografia, ilustração, fotografia e mídia?",deliverables,Define brand_definition sem depender de escolhas visuais implícitas.,acceptance,YES|NO|NA,YES,ALWAYS,YES or NA with rationale,Ask the user when the answer cannot be derived safely.,User statement or approved source,brand_definition,,UNANSWERED,,,,
1.0,DS-FORM-001,BOTH,25,OUT,Contrato de entregáveis finais,8,DS-FORM-001-OUT-008,Entregar visualização de dados e linguagem de evidências?,deliverables,Define brand_definition sem depender de escolhas visuais implícitas.,acceptance,YES|NO|NA,YES,ALWAYS,YES or NA with rationale,Ask the user when the answer cannot be derived safely.,User statement or approved source,brand_definition,,UNANSWERED,,,,
1.0,DS-FORM-001,BOTH,25,OUT,Contrato de entregáveis finais,9,DS-FORM-001-OUT-009,"Entregar motion, estados, responsividade e acessibilidade?",deliverables,Define brand_definition sem depender de escolhas visuais implícitas.,acceptance,YES|NO,YES,ALWAYS,YES required for completion,Ask the user when the answer cannot be derived safely.,User statement or approved source,brand_definition,,UNANSWERED,,,,
1.0,DS-FORM-001,BOTH,25,OUT,Contrato de entregáveis finais,10,DS-FORM-001-OUT-010,"Entregar tokens DTCG e builds CSS, TypeScript, Tailwind, Tamagui e print?",deliverables,Define brand_definition sem depender de escolhas visuais implícitas.,acceptance,YES|NO|NA,YES,ALWAYS,Each NA requires technical rationale,Ask the user when the answer cannot be derived safely.,User statement or approved source,brand_definition,,UNANSWERED,,,,
1.0,DS-FORM-001,BOTH,25,OUT,Contrato de entregáveis finais,11,DS-FORM-001-OUT-011,Entregar biblioteca de componentes e Storybook?,deliverables,Define brand_definition sem depender de escolhas visuais implícitas.,acceptance,YES|NO|NA,YES,ALWAYS,YES for digital products; NA otherwise,Ask the user when the answer cannot be derived safely.,User statement or approved source,brand_definition,,UNANSWERED,,,,
1.0,DS-FORM-001,BOTH,25,OUT,Contrato de entregáveis finais,12,DS-FORM-001-OUT-012,"Entregar templates de SaaS, blog, mobile, e-mail, apresentação e social?",deliverables,Define brand_definition sem depender de escolhas visuais implícitas.,acceptance,YES|NO|NA,YES,ALWAYS,Match selected channels,Ask the user when the answer cannot be derived safely.,User statement or approved source,brand_definition,,UNANSWERED,,,,
1.0,DS-FORM-001,BOTH,25,OUT,Contrato de entregáveis finais,13,DS-FORM-001-OUT-013,"Entregar templates A4, A3, Prisma e modo monocromático?",deliverables,Define brand_definition sem depender de escolhas visuais implícitas.,acceptance,YES|NO|NA,YES,ALWAYS,Match selected print channels,Ask the user when the answer cannot be derived safely.,User statement or approved source,brand_definition,,UNANSWERED,,,,
1.0,DS-FORM-001,BOTH,25,OUT,Contrato de entregáveis finais,14,DS-FORM-001-OUT-014,"Entregar documentação, changelog, decision log e regras de contribuição?",deliverables,Define brand_definition sem depender de escolhas visuais implícitas.,acceptance,YES|NO,YES,ALWAYS,YES required for completion,Ask the user when the answer cannot be derived safely.,User statement or approved source,brand_definition,,UNANSWERED,,,,
1.0,DS-FORM-001,BOTH,25,OUT,Contrato de entregáveis finais,15,DS-FORM-001-OUT-015,"Entregar matriz de QA, evidências e relatório dos gates?",deliverables,Define brand_definition sem depender de escolhas visuais implícitas.,acceptance,YES|NO,YES,ALWAYS,YES required for completion,Ask the user when the answer cannot be derived safely.,User statement or approved source,brand_definition,,UNANSWERED,,,,
1.0,DS-FORM-001,BOTH,25,OUT,Contrato de entregáveis finais,16,DS-FORM-001-OUT-016,"Entregar plano de migração e rollback, quando aplicável?",deliverables,Define brand_definition sem depender de escolhas visuais implícitas.,acceptance,YES|NO|NA,YES,FORM_MODE=MIGRATION,YES required for migration,Ask the user when the answer cannot be derived safely.,User statement or approved source,brand_definition,,UNANSWERED,,,,
1.0,DS-FORM-001,BOTH,25,OUT,Contrato de entregáveis finais,17,DS-FORM-001-OUT-017,Confirmar que nenhuma decisão inferida foi declarada como aprovada ou verificada?,deliverables,Define brand_definition sem depender de escolhas visuais implícitas.,acceptance,YES|NO,YES,ALWAYS,YES required for completion,Ask the user when the answer cannot be derived safely.,User statement or approved source,brand_definition,,UNANSWERED,,,,
1.0,DS-FORM-001,BOTH,25,OUT,Contrato de entregáveis finais,18,DS-FORM-001-OUT-018,Confirmar que o sistema possui uma única fonte canônica e adaptadores por canal?,deliverables,Define brand_definition sem depender de escolhas visuais implícitas.,acceptance,YES|NO,YES,ALWAYS,YES required for completion,Ask the user when the answer cannot be derived safely.,User statement or approved source,brand_definition,,UNANSWERED,,,,
