schema_version,form_id,route,section_order,section_id,section_name,question_order,question_id,question,decision_domain,purpose,response_type,allowed_values,required,condition,validation_rule,agent_instruction,evidence_expected,output_object,response,response_status,confidence,evidence_reference,assumptions,notes
1.0,DS-FORM-001,BOTH,0,CTL,Controle e modo de operação,1,DS-FORM-001-CTL-001,Qual rota deve ser executada?,governance,Define form_control.mode sem depender de escolhas visuais implícitas.,single_select,ZERO_BASE|MIGRATION,YES,ALWAYS,Exactly one allowed value,Use ZERO_BASE to ignore the current visual system; use MIGRATION to audit and selectively replace it.,User selection,form_control.mode,"MIGRATION — um sistema visual ja existe e esta Accepted/SOT (ADR-SYSTEM.md); este handoff formaliza e implementa o que ja foi decidido, nao parte do zero.",ANSWERED_FROM_EVIDENCE,0.9,ADR-SYSTEM.md,,"Route MIGRATION escolhida por evidencia de ADR ja aceito, nao por preferencia estetica."
1.0,DS-FORM-001,BOTH,0,CTL,Controle e modo de operação,2,DS-FORM-001-CTL-002,Qual é o nome oficial da organização ou marca principal?,governance,Define brand.identity.official_name sem depender de escolhas visuais implícitas.,short_text,,YES,ALWAYS,1-120 characters,Preserve official spelling and capitalization.,Official record or user statement,brand.identity.official_name,"NAO_DETERMINADO — 'EXECUTAR' aparece de forma consistente como nome do ecossistema em todos os ADRs, mas nao ha declaracao explicita de nome oficial de marca/organizacao registrada.",PENDING_USER_INPUT,0.4,todos os ADRs,,Confirmar com o owner se 'EXECUTAR' e o nome oficial ou um codinome de projeto.
1.0,DS-FORM-001,BOTH,0,CTL,Controle e modo de operação,3,DS-FORM-001-CTL-003,Qual é o nome interno deste projeto de identidade?,governance,Define governance.project_name sem depender de escolhas visuais implícitas.,short_text,,NO,ALWAYS,0-120 characters,"If absent, generate a neutral working title and mark it as inferred.",User statement,governance.project_name,"EXECUTAR Design System — Unificacao App + Blog (titulo de trabalho gerado, conforme instrucao do proprio formulario para ausencia de nome).",ANSWERED_FROM_EVIDENCE,0.6,Prompt.md,INFERRED por instrucao do formulario (gerar titulo neutro quando ausente).,
1.0,DS-FORM-001,BOTH,0,CTL,Controle e modo de operação,4,DS-FORM-001-CTL-004,Quem é o owner responsável pela decisão final?,governance,Define governance.owner sem depender de escolhas visuais implícitas.,short_text,,YES,ALWAYS,Named person or role; do not invent,"If unknown, write NAO_DETERMINADO.",User statement,governance.owner,NAO_DETERMINADO — nenhum owner nomeado nos documentos fornecidos.,PENDING_USER_INPUT,,,,
1.0,DS-FORM-001,BOTH,0,CTL,Controle e modo de operação,5,DS-FORM-001-CTL-005,"Quem aprova estratégia, identidade visual, acessibilidade e produção gráfica?",governance,Define governance.approvers sem depender de escolhas visuais implícitas.,structured_text,,YES,ALWAYS,List role for each approval domain,Do not assume the same approver for every domain.,User statement,governance.approvers,"NAO_DETERMINADO — nenhum aprovador nomeado por dominio (estrategia, identidade visual, acessibilidade, producao grafica).",PENDING_USER_INPUT,,,,
1.0,DS-FORM-001,BOTH,0,CTL,Controle e modo de operação,6,DS-FORM-001-CTL-006,Quais idiomas e localidades precisam ser suportados?,governance,Define brand.locales sem depender de escolhas visuais implícitas.,multi_select,,YES,ALWAYS,Use BCP 47 tags when possible,Distinguish launch locales from future locales.,User statement,brand.locales,pt-BR (observado: 100% dos documentos-fonte estao em portugues do Brasil). Outras locales nao confirmadas.,ANSWERED_FROM_EVIDENCE,0.6,todos os documentos-fonte,,Confirmar se ha necessidade de en-US ou outra locale de lancamento.
1.0,DS-FORM-001,BOTH,0,CTL,Controle e modo de operação,7,DS-FORM-001-CTL-007,Qual é a data-alvo para o sistema estar utilizável?,governance,Define governance.target_date sem depender de escolhas visuais implícitas.,date,,NO,ALWAYS,ISO 8601 date or NAO_DETERMINADO,Do not invent a deadline.,User statement,governance.target_date,NAO_DETERMINADO — nenhuma data-alvo declarada.,PENDING_USER_INPUT,,,,
1.0,DS-FORM-001,BOTH,0,CTL,Controle e modo de operação,8,DS-FORM-001-CTL-008,Quais decisões são imutáveis neste projeto?,governance,Define governance.non_negotiables sem depender de escolhas visuais implícitas.,long_text,,YES,ALWAYS,Explicit list; NONE allowed,Record only explicit non-negotiables.,User statement,governance.non_negotiables,"(1) HEX nunca e consumido diretamente por componentes — apenas tokens semanticos (ADR-SYSTEM, 'Regra critica'); (2) Green = acao/execucao/progresso, Azure = informacao/navegacao — papeis nao podem ser trocados; (3) Callouts nunca armazenam cor/CSS no conteudo, apenas o tipo semantico (ADR-001); (4) Payload + PostgreSQL permanecem SOT de conteudo/admin (ADR Creator Operations OS).",ANSWERED_FROM_EVIDENCE,0.85,ADR-SYSTEM.md; ADR/ADR-001_PROTOCOLO_NATIVO_CALLOUTS_MULTIPLATAFORMA.md; ADR/EXECUTAR_ADR_CREATOR_OPERATIONS_OS_V1/,,
1.0,DS-FORM-001,BOTH,1,STR,Fundação estratégica,1,DS-FORM-001-STR-001,Por que a organização existe além de gerar receita?,strategy,Define brand_definition sem depender de escolhas visuais implícitas.,long_text,,YES,ALWAYS,Non-empty; specific; no invented facts,Ask the user when the answer cannot be derived safely.,User statement or approved source,brand_definition,NAO_DETERMINADO — decisao de estrategia/narrativa de marca nao presente nos documentos de design system fornecidos; requer input do owner do produto.,PENDING_USER_INPUT,,,,
1.0,DS-FORM-001,BOTH,1,STR,Fundação estratégica,2,DS-FORM-001-STR-002,Qual transformação concreta a marca pretende produzir?,strategy,Define brand_definition sem depender de escolhas visuais implícitas.,long_text,,YES,ALWAYS,Non-empty; specific; no invented facts,Ask the user when the answer cannot be derived safely.,User statement or approved source,brand_definition,NAO_DETERMINADO — decisao de estrategia/narrativa de marca nao presente nos documentos de design system fornecidos; requer input do owner do produto.,PENDING_USER_INPUT,,,,
1.0,DS-FORM-001,BOTH,1,STR,Fundação estratégica,3,DS-FORM-001-STR-003,Qual problema central do público é resolvido?,strategy,Define brand_definition sem depender de escolhas visuais implícitas.,long_text,,YES,ALWAYS,Non-empty; specific; no invented facts,Ask the user when the answer cannot be derived safely.,User statement or approved source,brand_definition,NAO_DETERMINADO — decisao de estrategia/narrativa de marca nao presente nos documentos de design system fornecidos; requer input do owner do produto.,PENDING_USER_INPUT,,,,
1.0,DS-FORM-001,BOTH,1,STR,Fundação estratégica,4,DS-FORM-001-STR-004,Qual é a promessa principal da marca em uma frase?,strategy,Define brand_definition sem depender de escolhas visuais implícitas.,short_text,,YES,ALWAYS,Maximum 180 characters,Ask the user when the answer cannot be derived safely.,User statement or approved source,brand_definition,NAO_DETERMINADO — decisao de estrategia/narrativa de marca nao presente nos documentos de design system fornecidos; requer input do owner do produto.,PENDING_USER_INPUT,,,,
1.0,DS-FORM-001,BOTH,1,STR,Fundação estratégica,5,DS-FORM-001-STR-005,Quais provas sustentam essa promessa?,strategy,Define brand.strategy.proof sem depender de escolhas visuais implícitas.,structured_text,,YES,ALWAYS,Separate observed evidence from hypotheses,"Classify each proof as A Observed, B Primary, C Published, D Internal or E Inferred.","Links, records, research or user statement",brand.strategy.proof,NAO_DETERMINADO — decisao de estrategia/narrativa de marca nao presente nos documentos de design system fornecidos; requer input do owner do produto.,PENDING_USER_INPUT,,,,
1.0,DS-FORM-001,BOTH,1,STR,Fundação estratégica,6,DS-FORM-001-STR-006,Quais valores orientam decisões reais e qual comportamento demonstra cada um?,strategy,Define brand_definition sem depender de escolhas visuais implícitas.,structured_text,,YES,ALWAYS,"3-7 values, each with observable behavior",Ask the user when the answer cannot be derived safely.,User statement or approved source,brand_definition,NAO_DETERMINADO — decisao de estrategia/narrativa de marca nao presente nos documentos de design system fornecidos; requer input do owner do produto.,PENDING_USER_INPUT,,,,
1.0,DS-FORM-001,BOTH,1,STR,Fundação estratégica,7,DS-FORM-001-STR-007,"O que a marca nunca deve prometer, parecer ou fazer?",strategy,Define brand_definition sem depender de escolhas visuais implícitas.,long_text,,YES,ALWAYS,Non-empty; specific; no invented facts,Ask the user when the answer cannot be derived safely.,User statement or approved source,brand_definition,NAO_DETERMINADO — decisao de estrategia/narrativa de marca nao presente nos documentos de design system fornecidos; requer input do owner do produto.,PENDING_USER_INPUT,,,,
1.0,DS-FORM-001,BOTH,1,STR,Fundação estratégica,8,DS-FORM-001-STR-008,Qual é a visão de 3 a 5 anos?,strategy,Define brand_definition sem depender de escolhas visuais implícitas.,long_text,,YES,ALWAYS,Non-empty; specific; no invented facts,Ask the user when the answer cannot be derived safely.,User statement or approved source,brand_definition,NAO_DETERMINADO — decisao de estrategia/narrativa de marca nao presente nos documentos de design system fornecidos; requer input do owner do produto.,PENDING_USER_INPUT,,,,
1.0,DS-FORM-001,BOTH,1,STR,Fundação estratégica,9,DS-FORM-001-STR-009,Qual é o posicionamento desejado em uma frase?,strategy,Define brand_definition sem depender de escolhas visuais implícitas.,short_text,,YES,ALWAYS,Audience + category + difference + reason to believe,Ask the user when the answer cannot be derived safely.,User statement or approved source,brand_definition,NAO_DETERMINADO — decisao de estrategia/narrativa de marca nao presente nos documentos de design system fornecidos; requer input do owner do produto.,PENDING_USER_INPUT,,,,
1.0,DS-FORM-001,BOTH,1,STR,Fundação estratégica,10,DS-FORM-001-STR-010,Qual é a categoria de mercado atual e a categoria que a marca deseja ocupar?,strategy,Define brand_definition sem depender de escolhas visuais implícitas.,structured_text,,YES,ALWAYS,Non-empty; specific; no invented facts,Ask the user when the answer cannot be derived safely.,User statement or approved source,brand_definition,NAO_DETERMINADO — decisao de estrategia/narrativa de marca nao presente nos documentos de design system fornecidos; requer input do owner do produto.,PENDING_USER_INPUT,,,,
1.0,DS-FORM-001,BOTH,1,STR,Fundação estratégica,11,DS-FORM-001-STR-011,Quais resultados de negócio o novo sistema visual deve apoiar?,strategy,Define brand_definition sem depender de escolhas visuais implícitas.,multi_select,reconhecimento|confianca|conversao|retencao|clareza|eficiencia|expansao|consistencia|outro,YES,ALWAYS,Non-empty; specific; no invented facts,Ask the user when the answer cannot be derived safely.,User statement or approved source,brand_definition,"reconhecimento, consistencia, clareza, eficiencia — inferido do PRD-DESIGN-SYSTEM-001: objetivo explicito de que 'qualquer tela, artigo, card, infografico ou imagem gerada seja imediatamente reconhecivel... mesmo quando produzido automaticamente' e de que 'agentes devem conseguir gerar pecas consistentes'.",ANSWERED_FROM_EVIDENCE,0.55,ADR-SYSTEM.md,"INFERRED a partir do objetivo de produto declarado, nao de uma escolha estrategica explicita de negocio.",
1.0,DS-FORM-001,BOTH,1,STR,Fundação estratégica,12,DS-FORM-001-STR-012,Como o sucesso estratégico será medido após o lançamento?,strategy,Define brand_definition sem depender de escolhas visuais implícitas.,structured_text,,YES,ALWAYS,"Every metric needs baseline, target, period and owner",Ask the user when the answer cannot be derived safely.,User statement or approved source,brand_definition,NAO_DETERMINADO — decisao de estrategia/narrativa de marca nao presente nos documentos de design system fornecidos; requer input do owner do produto.,PENDING_USER_INPUT,,,,
1.0,DS-FORM-001,BOTH,2,ARC,Arquitetura de marca e portfólio,1,DS-FORM-001-ARC-001,"Quais marcas, produtos, serviços, programas e publicações existem ou serão lançados?",brand_architecture,Define brand_definition sem depender de escolhas visuais implícitas.,list_of_objects,,YES,ALWAYS,"Each object needs name, type, audience, status and owner",Ask the user when the answer cannot be derived safely.,User statement or approved source,brand_definition,"EXECUTAR (ecossistema/App operacional), Blog 'Risco Cognitivo' (editorial, sob EXECUTAR — ver owners do ADR-001), Admin/Creator Operations OS (interno, Payload).",ANSWERED_FROM_EVIDENCE,0.5,ADR/ADR-001_PROTOCOLO_NATIVO_CALLOUTS_MULTIPLATAFORMA.md; ADR/EXECUTAR_ADR_CREATOR_OPERATIONS_OS_V1/,INFERRED a partir dos 'Owners: EXECUTAR / Risco Cognitivo' do ADR-001 e do escopo do ADR de Creator Operations OS.,
1.0,DS-FORM-001,BOTH,2,ARC,Arquitetura de marca e portfólio,2,DS-FORM-001-ARC-002,Qual modelo de arquitetura será usado?,brand_architecture,Define brand_definition sem depender de escolhas visuais implícitas.,single_select,monolitica|endossada|marcas_independentes|hibrida|a_definir,YES,ALWAYS,Non-empty; specific; no invented facts,Ask the user when the answer cannot be derived safely.,User statement or approved source,brand_definition,"endossada — o Blog usa nome proprio ('Risco Cognitivo') mas compartilha o mesmo sistema visual/tokens de EXECUTAR (ADR-SYSTEM.md declara escopo 'App, Blog e ativos editoriais').",ANSWERED_FROM_EVIDENCE,0.5,ADR-SYSTEM.md,INFERRED; nao ha declaracao explicita do modelo de arquitetura de marca.,
1.0,DS-FORM-001,BOTH,2,ARC,Arquitetura de marca e portfólio,3,DS-FORM-001-ARC-003,Qual é a relação entre a marca principal e cada produto?,brand_architecture,Define brand_definition sem depender de escolhas visuais implícitas.,relationship_matrix,,YES,ALWAYS,Non-empty; specific; no invented facts,Ask the user when the answer cannot be derived safely.,User statement or approved source,brand_definition,NAO_DETERMINADO — arquitetura de marca/portfolio nao documentada nos arquivos fornecidos.,PENDING_USER_INPUT,,,,
1.0,DS-FORM-001,BOTH,2,ARC,Arquitetura de marca e portfólio,4,DS-FORM-001-ARC-004,Quais nomes devem compartilhar assinatura visual?,brand_architecture,Define brand_definition sem depender de escolhas visuais implícitas.,list_of_objects,,YES,ALWAYS,Non-empty; specific; no invented facts,Ask the user when the answer cannot be derived safely.,User statement or approved source,brand_definition,NAO_DETERMINADO — arquitetura de marca/portfolio nao documentada nos arquivos fornecidos.,PENDING_USER_INPUT,,,,
1.0,DS-FORM-001,BOTH,2,ARC,Arquitetura de marca e portfólio,5,DS-FORM-001-ARC-005,Quais produtos precisam de expressão visual própria sem virar nova marca?,brand_architecture,Define brand_definition sem depender de escolhas visuais implícitas.,list_of_objects,,YES,ALWAYS,Non-empty; specific; no invented facts,Ask the user when the answer cannot be derived safely.,User statement or approved source,brand_definition,NAO_DETERMINADO — arquitetura de marca/portfolio nao documentada nos arquivos fornecidos.,PENDING_USER_INPUT,,,,
1.0,DS-FORM-001,BOTH,2,ARC,Arquitetura de marca e portfólio,6,DS-FORM-001-ARC-006,Existe uma marca editorial separada da marca de produto?,brand_architecture,Define brand_definition sem depender de escolhas visuais implícitas.,boolean,true|false,YES,ALWAYS,Non-empty; specific; no invented facts,Ask the user when the answer cannot be derived safely.,User statement or approved source,brand_definition,NAO_DETERMINADO — arquitetura de marca/portfolio nao documentada nos arquivos fornecidos.,PENDING_USER_INPUT,,,,
1.0,DS-FORM-001,BOTH,2,ARC,Arquitetura de marca e portfólio,7,DS-FORM-001-ARC-007,"Como blog, aplicativo, relatórios e materiais impressos devem declarar autoria?",brand_architecture,Define brand_definition sem depender de escolhas visuais implícitas.,structured_text,,YES,ALWAYS,Non-empty; specific; no invented facts,Ask the user when the answer cannot be derived safely.,User statement or approved source,brand_definition,NAO_DETERMINADO — arquitetura de marca/portfolio nao documentada nos arquivos fornecidos.,PENDING_USER_INPUT,,,,
1.0,DS-FORM-001,BOTH,2,ARC,Arquitetura de marca e portfólio,8,DS-FORM-001-ARC-008,Quais nomes atuais podem ser substituídos?,brand_architecture,Define brand_definition sem depender de escolhas visuais implícitas.,list_of_objects,,YES,ALWAYS,Non-empty; specific; no invented facts,Ask the user when the answer cannot be derived safely.,User statement or approved source,brand_definition,NAO_DETERMINADO — arquitetura de marca/portfolio nao documentada nos arquivos fornecidos.,PENDING_USER_INPUT,,,,
1.0,DS-FORM-001,BOTH,2,ARC,Arquitetura de marca e portfólio,9,DS-FORM-001-ARC-009,"Quais nomes, símbolos ou termos são protegidos ou indisponíveis?",brand_architecture,Define brand_definition sem depender de escolhas visuais implícitas.,list_of_objects,,NO,ALWAYS,Provide evidence where available,Ask the user when the answer cannot be derived safely.,User statement or approved source,brand_definition,NAO_DETERMINADO — arquitetura de marca/portfolio nao documentada nos arquivos fornecidos.,PENDING_USER_INPUT,,,,
1.0,DS-FORM-001,BOTH,2,ARC,Arquitetura de marca e portfólio,10,DS-FORM-001-ARC-010,"Qual taxonomia canônica identifica marca, produto, canal, campanha e artefato?",brand_architecture,Define governance.taxonomy sem depender de escolhas visuais implícitas.,structured_text,,YES,ALWAYS,Unique patterns; no collisions,Generate a deterministic proposal only when authorized.,Governance source or user approval,governance.taxonomy,NAO_DETERMINADO — arquitetura de marca/portfolio nao documentada nos arquivos fornecidos.,PENDING_USER_INPUT,,,,
1.0,DS-FORM-001,BOTH,3,AUD,"Públicos, necessidades e contextos",1,DS-FORM-001-AUD-001,Quais são os públicos prioritários em ordem?,audience,Define brand_definition sem depender de escolhas visuais implícitas.,ranked_list,,YES,ALWAYS,At least one; each has priority,Ask the user when the answer cannot be derived safely.,User statement or approved source,brand_definition,NAO_DETERMINADO — pesquisa/definicao de publico nao presente nos documentos fornecidos.,PENDING_USER_INPUT,,,,
1.0,DS-FORM-001,BOTH,3,AUD,"Públicos, necessidades e contextos",2,DS-FORM-001-AUD-002,Qual trabalho cada público tenta realizar?,audience,Define brand_definition sem depender de escolhas visuais implícitas.,relationship_matrix,,YES,ALWAYS,"Use actor, job, trigger, desired outcome and obstacle",Ask the user when the answer cannot be derived safely.,User statement or approved source,brand_definition,NAO_DETERMINADO — pesquisa/definicao de publico nao presente nos documentos fornecidos.,PENDING_USER_INPUT,,,,
1.0,DS-FORM-001,BOTH,3,AUD,"Públicos, necessidades e contextos",3,DS-FORM-001-AUD-003,Em quais contextos físicos e digitais a marca é encontrada?,audience,Define brand_definition sem depender de escolhas visuais implícitas.,multi_select,desktop|mobile_web|ios|android|email|social|search|presentation|a4|a3|prisma|environmental|other,YES,ALWAYS,Non-empty; specific; no invented facts,Ask the user when the answer cannot be derived safely.,User statement or approved source,brand_definition,"desktop, mobile_web (Blog Astro), ios, android (App Expo/React Native) — inferido do stack decidido (ver SOT_RESOLUTION.md) e do ADR-001 ('App em Expo + React Native + Tamagui').",ANSWERED_FROM_EVIDENCE,0.6,ADR/ADR-001_PROTOCOLO_NATIVO_CALLOUTS_MULTIPLATAFORMA.md; 00_GOVERNANCE/SOT_RESOLUTION.md,,
1.0,DS-FORM-001,BOTH,3,AUD,"Públicos, necessidades e contextos",4,DS-FORM-001-AUD-004,Qual é o nível médio de familiaridade de cada público com o domínio?,audience,Define brand_definition sem depender de escolhas visuais implícitas.,relationship_matrix,,YES,ALWAYS,Non-empty; specific; no invented facts,Ask the user when the answer cannot be derived safely.,User statement or approved source,brand_definition,NAO_DETERMINADO — pesquisa/definicao de publico nao presente nos documentos fornecidos.,PENDING_USER_INPUT,,,,
1.0,DS-FORM-001,BOTH,3,AUD,"Públicos, necessidades e contextos",5,DS-FORM-001-AUD-005,"Quais limitações de tempo, atenção ou ambiente afetam o uso?",audience,Define brand_definition sem depender de escolhas visuais implícitas.,structured_text,,YES,ALWAYS,Non-empty; specific; no invented facts,Ask the user when the answer cannot be derived safely.,User statement or approved source,brand_definition,NAO_DETERMINADO — pesquisa/definicao de publico nao presente nos documentos fornecidos.,PENDING_USER_INPUT,,,,
1.0,DS-FORM-001,BOTH,3,AUD,"Públicos, necessidades e contextos",6,DS-FORM-001-AUD-006,Quais informações são críticas e não podem ser ocultadas?,audience,Define brand_definition sem depender de escolhas visuais implícitas.,ranked_list,,YES,ALWAYS,Non-empty; specific; no invented facts,Ask the user when the answer cannot be derived safely.,User statement or approved source,brand_definition,NAO_DETERMINADO — pesquisa/definicao de publico nao presente nos documentos fornecidos.,PENDING_USER_INPUT,,,,
1.0,DS-FORM-001,BOTH,3,AUD,"Públicos, necessidades e contextos",7,DS-FORM-001-AUD-007,Quais ações devem ser encontradas em menos de 5 segundos?,audience,Define brand_definition sem depender de escolhas visuais implícitas.,ranked_list,,YES,ALWAYS,Non-empty; specific; no invented facts,Ask the user when the answer cannot be derived safely.,User statement or approved source,brand_definition,NAO_DETERMINADO — pesquisa/definicao de publico nao presente nos documentos fornecidos.,PENDING_USER_INPUT,,,,
1.0,DS-FORM-001,BOTH,3,AUD,"Públicos, necessidades e contextos",8,DS-FORM-001-AUD-008,"Quais dispositivos, navegadores, tamanhos e condições de rede são prioritários?",audience,Define brand_definition sem depender de escolhas visuais implícitas.,structured_text,,YES,ALWAYS,Non-empty; specific; no invented facts,Ask the user when the answer cannot be derived safely.,User statement or approved source,brand_definition,Mobile-first; navegadores evergreen (Chrome/Safari/Firefox/Edge recentes) para o Blog; iOS/Android recentes para o App via Expo. Condicoes de rede especificas nao confirmadas.,ANSWERED_FROM_EVIDENCE,0.4,"astro-blog.md (estrutural, nao paleta)","NORMALIZED — pratica padrao para stacks Astro/Expo, nao confirmada pelo owner.",
1.0,DS-FORM-001,BOTH,3,AUD,"Públicos, necessidades e contextos",9,DS-FORM-001-AUD-009,Quais necessidades de acessibilidade devem ser suportadas desde a base?,audience,Define brand_definition sem depender de escolhas visuais implícitas.,multi_select,keyboard|screen_reader|zoom_200|reflow|reduced_motion|high_contrast|color_independence|tts_ready|captions|plain_language|other,YES,ALWAYS,Non-empty; specific; no invented facts,Ask the user when the answer cannot be derived safely.,User statement or approved source,brand_definition,"keyboard, reduced_motion, color_independence, zoom_200 — inferido de SPEC-ACCESSIBILITY-001 (foco visivel, 'information: color_only prohibited') e SPEC-MOTION-001 (motion nao pode ser a unica pista). screen_reader/high_contrast recomendados como extensao (ver ACCESSIBILITY.md).",ANSWERED_FROM_EVIDENCE,0.55,ADR-SYSTEM.md,,
1.0,DS-FORM-001,BOTH,3,AUD,"Públicos, necessidades e contextos",10,DS-FORM-001-AUD-010,Quais preferências cognitivas devem ser configuráveis sem inferir diagnóstico?,audience,Define brand_definition sem depender de escolhas visuais implícitas.,multi_select,low_noise|explicit_hierarchy|focus_scope|reading_measure|larger_spacing|zero_motion|deep_context|progress_visibility|custom,YES,ALWAYS,Non-empty; specific; no invented facts,Ask the user when the answer cannot be derived safely.,User statement or approved source,brand_definition,NAO_DETERMINADO — pesquisa/definicao de publico nao presente nos documentos fornecidos.,PENDING_USER_INPUT,,,,
1.0,DS-FORM-001,BOTH,3,AUD,"Públicos, necessidades e contextos",11,DS-FORM-001-AUD-011,"Quais emoções o público deve sentir antes, durante e depois da experiência?",audience,Define brand_definition sem depender de escolhas visuais implícitas.,relationship_matrix,,YES,ALWAYS,Non-empty; specific; no invented facts,Ask the user when the answer cannot be derived safely.,User statement or approved source,brand_definition,NAO_DETERMINADO — pesquisa/definicao de publico nao presente nos documentos fornecidos.,PENDING_USER_INPUT,,,,
1.0,DS-FORM-001,BOTH,3,AUD,"Públicos, necessidades e contextos",12,DS-FORM-001-AUD-012,Quais pesquisas com usuários existem e quais ainda precisam ser realizadas?,audience,Define brand_definition sem depender de escolhas visuais implícitas.,structured_text,,YES,ALWAYS,"Separate existing, tested and planned research",Ask the user when the answer cannot be derived safely.,User statement or approved source,brand_definition,NAO_DETERMINADO — pesquisa/definicao de publico nao presente nos documentos fornecidos.,PENDING_USER_INPUT,,,,
1.0,DS-FORM-001,BOTH,4,POS,Posicionamento e personalidade,1,DS-FORM-001-POS-001,Defina a personalidade da marca em exatamente cinco atributos.,brand_personality,Define brand_definition sem depender de escolhas visuais implícitas.,ranked_list,,YES,ALWAYS,Exactly 5 attributes; ranked,Ask the user when the answer cannot be derived safely.,User statement or approved source,brand_definition,NAO_DETERMINADO — personalidade de marca nao definida explicitamente nos documentos fornecidos.,PENDING_USER_INPUT,,,,
1.0,DS-FORM-001,BOTH,4,POS,Posicionamento e personalidade,2,DS-FORM-001-POS-002,"Para cada atributo, descreva o comportamento visual e verbal correspondente.",brand_personality,Define brand_definition sem depender de escolhas visuais implícitas.,relationship_matrix,,YES,ALWAYS,Non-empty; specific; no invented facts,Ask the user when the answer cannot be derived safely.,User statement or approved source,brand_definition,NAO_DETERMINADO — personalidade de marca nao definida explicitamente nos documentos fornecidos.,PENDING_USER_INPUT,,,,
1.0,DS-FORM-001,BOTH,4,POS,Posicionamento e personalidade,3,DS-FORM-001-POS-003,Defina cinco atributos que a marca não deve comunicar.,brand_personality,Define brand_definition sem depender de escolhas visuais implícitas.,ranked_list,,YES,ALWAYS,Exactly 5 attributes,Ask the user when the answer cannot be derived safely.,User statement or approved source,brand_definition,NAO_DETERMINADO — personalidade de marca nao definida explicitamente nos documentos fornecidos.,PENDING_USER_INPUT,,,,
1.0,DS-FORM-001,BOTH,4,POS,Posicionamento e personalidade,4,DS-FORM-001-POS-004,"Em escalas de 1 a 5, onde a marca se posiciona: formal-informal, sóbria-expressiva, técnica-humana, clássica-contemporânea, calma-enérgica?",brand_personality,Define brand_definition sem depender de escolhas visuais implícitas.,scale_matrix,,YES,ALWAYS,Integer 1-5 for every axis,Ask the user when the answer cannot be derived safely.,User statement or approved source,brand_definition,"formal-informal=2 (mais formal); sobria-expressiva=2 (sobria); tecnica-humana=2 (tecnica); classica-contemporanea=4 (contemporanea); calma-energica=2 (calma). Inferido de 'minimalismo funcional', 'superficies neutras', 'linhas finas', 'grandes areas vazias', 'nao deve parecer promocional'.",ANSWERED_FROM_EVIDENCE,0.45,ADR-SYSTEM.md,"INFERRED de linguagem visual, nao de um exercicio de personalidade de marca conduzido com o owner.",
1.0,DS-FORM-001,BOTH,4,POS,Posicionamento e personalidade,5,DS-FORM-001-POS-005,Qual arquétipo ou combinação de arquétipos ajuda a explicar a marca?,brand_personality,Define brand_definition sem depender de escolhas visuais implícitas.,structured_text,,NO,ALWAYS,Must include rationale; avoid stereotypes,Ask the user when the answer cannot be derived safely.,User statement or approved source,brand_definition,NAO_DETERMINADO — personalidade de marca nao definida explicitamente nos documentos fornecidos.,PENDING_USER_INPUT,,,,
1.0,DS-FORM-001,BOTH,4,POS,Posicionamento e personalidade,6,DS-FORM-001-POS-006,Qual tensão criativa torna a marca reconhecível?,brand_personality,Define brand_definition sem depender de escolhas visuais implícitas.,short_text,,YES,ALWAYS,Format: quality A + quality B,Ask the user when the answer cannot be derived safely.,User statement or approved source,brand_definition,NAO_DETERMINADO — personalidade de marca nao definida explicitamente nos documentos fornecidos.,PENDING_USER_INPUT,,,,
1.0,DS-FORM-001,BOTH,4,POS,Posicionamento e personalidade,7,DS-FORM-001-POS-007,Quais referências visuais representam o que desejamos e por quê?,brand_personality,Define brand_definition sem depender de escolhas visuais implícitas.,list_of_objects,,YES,ALWAYS,Each reference needs URL/file and attributed quality,Ask the user when the answer cannot be derived safely.,User statement or approved source,brand_definition,NAO_DETERMINADO — personalidade de marca nao definida explicitamente nos documentos fornecidos.,PENDING_USER_INPUT,,,,
1.0,DS-FORM-001,BOTH,4,POS,Posicionamento e personalidade,8,DS-FORM-001-POS-008,Quais referências representam o que deve ser evitado e por quê?,brand_personality,Define brand_definition sem depender de escolhas visuais implícitas.,list_of_objects,,YES,ALWAYS,Non-empty; specific; no invented facts,Ask the user when the answer cannot be derived safely.,User statement or approved source,brand_definition,NAO_DETERMINADO — personalidade de marca nao definida explicitamente nos documentos fornecidos.,PENDING_USER_INPUT,,,,
1.0,DS-FORM-001,BOTH,4,POS,Posicionamento e personalidade,9,DS-FORM-001-POS-009,Quais concorrentes diretos e indiretos devem ser diferenciados?,brand_personality,Define brand_definition sem depender de escolhas visuais implícitas.,list_of_objects,,YES,ALWAYS,Non-empty; specific; no invented facts,Ask the user when the answer cannot be derived safely.,User statement or approved source,brand_definition,NAO_DETERMINADO — personalidade de marca nao definida explicitamente nos documentos fornecidos.,PENDING_USER_INPUT,,,,
1.0,DS-FORM-001,BOTH,4,POS,Posicionamento e personalidade,10,DS-FORM-001-POS-010,Que elemento de memória deve continuar reconhecível após cinco segundos?,brand_personality,Define brand_definition sem depender de escolhas visuais implícitas.,short_text,,YES,ALWAYS,Non-empty; specific; no invented facts,Ask the user when the answer cannot be derived safely.,User statement or approved source,brand_definition,NAO_DETERMINADO — personalidade de marca nao definida explicitamente nos documentos fornecidos.,PENDING_USER_INPUT,,,,
1.0,DS-FORM-001,BOTH,5,VER,Identidade verbal,1,DS-FORM-001-VER-001,Qual é a voz constante da marca?,verbal_identity,Define brand_definition sem depender de escolhas visuais implícitas.,structured_text,,YES,ALWAYS,3-5 voice principles with do and do not examples,Ask the user when the answer cannot be derived safely.,User statement or approved source,brand_definition,"NAO_DETERMINADO — identidade verbal (voz, vocabulario, tom) nao definida nos documentos fornecidos.",PENDING_USER_INPUT,,,,
1.0,DS-FORM-001,BOTH,5,VER,Identidade verbal,2,DS-FORM-001-VER-002,"Como o tom muda entre produto, editorial, suporte, marketing, relatório e crise?",verbal_identity,Define brand_definition sem depender de escolhas visuais implícitas.,relationship_matrix,,YES,ALWAYS,Non-empty; specific; no invented facts,Ask the user when the answer cannot be derived safely.,User statement or approved source,brand_definition,"NAO_DETERMINADO — identidade verbal (voz, vocabulario, tom) nao definida nos documentos fornecidos.",PENDING_USER_INPUT,,,,
1.0,DS-FORM-001,BOTH,5,VER,Identidade verbal,3,DS-FORM-001-VER-003,Qual nível de leitura e complexidade textual é adequado por canal?,verbal_identity,Define brand_definition sem depender de escolhas visuais implícitas.,relationship_matrix,,YES,ALWAYS,Non-empty; specific; no invented facts,Ask the user when the answer cannot be derived safely.,User statement or approved source,brand_definition,"NAO_DETERMINADO — identidade verbal (voz, vocabulario, tom) nao definida nos documentos fornecidos.",PENDING_USER_INPUT,,,,
1.0,DS-FORM-001,BOTH,5,VER,Identidade verbal,4,DS-FORM-001-VER-004,"Quais palavras, expressões e termos pertencem ao vocabulário da marca?",verbal_identity,Define brand_definition sem depender de escolhas visuais implícitas.,list_of_objects,,YES,ALWAYS,Non-empty; specific; no invented facts,Ask the user when the answer cannot be derived safely.,User statement or approved source,brand_definition,"NAO_DETERMINADO — identidade verbal (voz, vocabulario, tom) nao definida nos documentos fornecidos.",PENDING_USER_INPUT,,,,
1.0,DS-FORM-001,BOTH,5,VER,Identidade verbal,5,DS-FORM-001-VER-005,"Quais palavras, clichês e promessas são proibidos?",verbal_identity,Define brand_definition sem depender de escolhas visuais implícitas.,list_of_objects,,YES,ALWAYS,Non-empty; specific; no invented facts,Ask the user when the answer cannot be derived safely.,User statement or approved source,brand_definition,"NAO_DETERMINADO — identidade verbal (voz, vocabulario, tom) nao definida nos documentos fornecidos.",PENDING_USER_INPUT,,,,
1.0,DS-FORM-001,BOTH,5,VER,Identidade verbal,6,DS-FORM-001-VER-006,"Quais regras governam títulos, subtítulos, CTAs, labels e mensagens de erro?",verbal_identity,Define brand_definition sem depender de escolhas visuais implícitas.,structured_text,,YES,ALWAYS,Non-empty; specific; no invented facts,Ask the user when the answer cannot be derived safely.,User statement or approved source,brand_definition,"NAO_DETERMINADO — identidade verbal (voz, vocabulario, tom) nao definida nos documentos fornecidos.",PENDING_USER_INPUT,,,,
1.0,DS-FORM-001,BOTH,5,VER,Identidade verbal,7,DS-FORM-001-VER-007,"Como nomear produtos, features, planos, relatórios e versões?",verbal_identity,Define brand_definition sem depender de escolhas visuais implícitas.,structured_text,,YES,ALWAYS,Non-empty; specific; no invented facts,Ask the user when the answer cannot be derived safely.,User statement or approved source,brand_definition,"NAO_DETERMINADO — identidade verbal (voz, vocabulario, tom) nao definida nos documentos fornecidos.",PENDING_USER_INPUT,,,,
1.0,DS-FORM-001,BOTH,5,VER,Identidade verbal,8,DS-FORM-001-VER-008,Qual tagline deve ser criada ou validada?,verbal_identity,Define brand_definition sem depender de escolhas visuais implícitas.,short_text,,NO,ALWAYS,Maximum 90 characters or NAO_APLICAVEL,Ask the user when the answer cannot be derived safely.,User statement or approved source,brand_definition,"NAO_DETERMINADO — identidade verbal (voz, vocabulario, tom) nao definida nos documentos fornecidos.",PENDING_USER_INPUT,,,,
1.0,DS-FORM-001,BOTH,5,VER,Identidade verbal,9,DS-FORM-001-VER-009,"Como comunicar incerteza, evidência e inferência?",verbal_identity,Define brand_definition sem depender de escolhas visuais implícitas.,structured_text,,YES,ALWAYS,Must preserve epistemic classes A-E,Ask the user when the answer cannot be derived safely.,User statement or approved source,brand_definition,"O sistema ja possui duas taxonomias epistemicas explicitas a preservar: (1) OBSERVED/INFERRED/NORMALIZED/RECOMMENDED, usada neste proprio handoff (Prompt.md secao 16); (2) classes A-E (Observed/Primary/Published/Internal/Inferred), citada em DS-FORM-001-STR-005 e DS-FORM-001-DAT-004. Nenhum conteudo pode apresentar uma inferencia como fato aprovado.",ANSWERED_FROM_EVIDENCE,0.8,"Prompt.md; DS-FORM-001 (STR-005, DAT-004)",,
1.0,DS-FORM-001,BOTH,5,VER,Identidade verbal,10,DS-FORM-001-VER-010,Quais exemplos de texto devem compor o teste de voz?,verbal_identity,Define brand_definition sem depender de escolhas visuais implícitas.,list_of_objects,,YES,ALWAYS,"Include navigation, CTA, error, notification, article lead and report summary",Ask the user when the answer cannot be derived safely.,User statement or approved source,brand_definition,"NAO_DETERMINADO — identidade verbal (voz, vocabulario, tom) nao definida nos documentos fornecidos.",PENDING_USER_INPUT,,,,
1.0,DS-FORM-001,ZERO_BASE,6,DIR,Direção criativa do zero,1,DS-FORM-001-DIR-001,"Confirme que nenhuma cor, fonte, raio, componente, logo ou estilo atual será herdado automaticamente.",creative_direction,Define creative_direction.zero_base_confirmation sem depender de escolhas visuais implícitas.,single_select,CONFIRMADO|NAO_CONFIRMADO,YES,FORM_MODE=ZERO_BASE,Must be CONFIRMADO to continue,Stop the zero-base route if not confirmed.,User confirmation,creative_direction.zero_base_confirmation,"NA — secao aplicavel apenas a FORM_MODE=ZERO_BASE; a rota escolhida foi MIGRATION (ver CTL-001), pois ja existe um sistema visual Accepted/SOT a preservar.",ANSWERED_FROM_EVIDENCE,0.9,CTL-001,,
1.0,DS-FORM-001,ZERO_BASE,6,DIR,Direção criativa do zero,2,DS-FORM-001-DIR-002,Quais conceitos estratégicos devem orientar as novas direções visuais?,creative_direction,Define brand_definition sem depender de escolhas visuais implícitas.,ranked_list,,YES,ALWAYS,Non-empty; specific; no invented facts,Ask the user when the answer cannot be derived safely.,User statement or approved source,brand_definition,"NA — secao aplicavel apenas a FORM_MODE=ZERO_BASE; a rota escolhida foi MIGRATION (ver CTL-001), pois ja existe um sistema visual Accepted/SOT a preservar.",ANSWERED_FROM_EVIDENCE,0.9,CTL-001,,
1.0,DS-FORM-001,ZERO_BASE,6,DIR,Direção criativa do zero,3,DS-FORM-001-DIR-003,Quantas direções visuais devem ser exploradas antes do gate?,creative_direction,Define brand_definition sem depender de escolhas visuais implícitas.,integer,2|3|4,YES,FORM_MODE=ZERO_BASE,Integer 2-4,Ask the user when the answer cannot be derived safely.,User statement or approved source,brand_definition,"NA — secao aplicavel apenas a FORM_MODE=ZERO_BASE; a rota escolhida foi MIGRATION (ver CTL-001), pois ja existe um sistema visual Accepted/SOT a preservar.",ANSWERED_FROM_EVIDENCE,0.9,CTL-001,,
1.0,DS-FORM-001,ZERO_BASE,6,DIR,Direção criativa do zero,4,DS-FORM-001-DIR-004,Que contraste conceitual diferencia cada direção candidata?,creative_direction,Define brand_definition sem depender de escolhas visuais implícitas.,structured_text,,YES,ALWAYS,Non-empty; specific; no invented facts,Ask the user when the answer cannot be derived safely.,User statement or approved source,brand_definition,"NA — secao aplicavel apenas a FORM_MODE=ZERO_BASE; a rota escolhida foi MIGRATION (ver CTL-001), pois ja existe um sistema visual Accepted/SOT a preservar.",ANSWERED_FROM_EVIDENCE,0.9,CTL-001,,
1.0,DS-FORM-001,ZERO_BASE,6,DIR,Direção criativa do zero,5,DS-FORM-001-DIR-005,Quais provas de aplicação serão usadas para comparar as direções?,creative_direction,Define brand_definition sem depender de escolhas visuais implícitas.,multi_select,logo|dashboard|mobile|article|social|presentation|a4_report|prisma_print|email|data_chart,YES,ALWAYS,Non-empty; specific; no invented facts,Ask the user when the answer cannot be derived safely.,User statement or approved source,brand_definition,"NA — secao aplicavel apenas a FORM_MODE=ZERO_BASE; a rota escolhida foi MIGRATION (ver CTL-001), pois ja existe um sistema visual Accepted/SOT a preservar.",ANSWERED_FROM_EVIDENCE,0.9,CTL-001,,
1.0,DS-FORM-001,ZERO_BASE,6,DIR,Direção criativa do zero,6,DS-FORM-001-DIR-006,Quais critérios objetivos definirão a direção vencedora?,creative_direction,Define brand_definition sem depender de escolhas visuais implícitas.,weighted_matrix,,YES,FORM_MODE=ZERO_BASE,Weights total 100%,Ask the user when the answer cannot be derived safely.,User statement or approved source,brand_definition,"NA — secao aplicavel apenas a FORM_MODE=ZERO_BASE; a rota escolhida foi MIGRATION (ver CTL-001), pois ja existe um sistema visual Accepted/SOT a preservar.",ANSWERED_FROM_EVIDENCE,0.9,CTL-001,,
1.0,DS-FORM-001,ZERO_BASE,6,DIR,Direção criativa do zero,7,DS-FORM-001-DIR-007,Como documentar elementos rejeitados para evitar regressão futura?,creative_direction,Define brand_definition sem depender de escolhas visuais implícitas.,structured_text,,YES,ALWAYS,Non-empty; specific; no invented facts,Ask the user when the answer cannot be derived safely.,User statement or approved source,brand_definition,"NA — secao aplicavel apenas a FORM_MODE=ZERO_BASE; a rota escolhida foi MIGRATION (ver CTL-001), pois ja existe um sistema visual Accepted/SOT a preservar.",ANSWERED_FROM_EVIDENCE,0.9,CTL-001,,
1.0,DS-FORM-001,ZERO_BASE,6,DIR,Direção criativa do zero,8,DS-FORM-001-DIR-008,Qual processo será usado para combinar direções sem criar uma colagem inconsistente?,creative_direction,Define brand_definition sem depender de escolhas visuais implícitas.,structured_text,,YES,ALWAYS,Non-empty; specific; no invented facts,Ask the user when the answer cannot be derived safely.,User statement or approved source,brand_definition,"NA — secao aplicavel apenas a FORM_MODE=ZERO_BASE; a rota escolhida foi MIGRATION (ver CTL-001), pois ja existe um sistema visual Accepted/SOT a preservar.",ANSWERED_FROM_EVIDENCE,0.9,CTL-001,,
1.0,DS-FORM-001,BOTH,7,NAM,Naming e assinatura,1,DS-FORM-001-NAM-001,"O nome atual será mantido, revisado ou substituído?",naming,Define brand_definition sem depender de escolhas visuais implícitas.,single_select,manter|revisar|substituir|a_definir,YES,ALWAYS,Non-empty; specific; no invented facts,Ask the user when the answer cannot be derived safely.,User statement or approved source,brand_definition,manter — 'EXECUTAR' e 'Risco Cognitivo' ja sao usados de forma consistente e sao tratados como decisoes aceitas nos ADRs fornecidos.,ANSWERED_FROM_EVIDENCE,0.5,ADR-SYSTEM.md; ADR/ADR-001_PROTOCOLO_NATIVO_CALLOUTS_MULTIPLATAFORMA.md,,
1.0,DS-FORM-001,BOTH,7,NAM,Naming e assinatura,2,DS-FORM-001-NAM-002,Quais critérios o nome deve cumprir?,naming,Define brand_definition sem depender de escolhas visuais implícitas.,weighted_matrix,,YES,ALWAYS,Weights total 100%,Ask the user when the answer cannot be derived safely.,User statement or approved source,brand_definition,NAO_DETERMINADO — criterios de naming/protecao de marca nao definidos nos documentos fornecidos.,PENDING_USER_INPUT,,,,
1.0,DS-FORM-001,BOTH,7,NAM,Naming e assinatura,3,DS-FORM-001-NAM-003,Quais territórios semânticos podem gerar nomes?,naming,Define brand_definition sem depender de escolhas visuais implícitas.,ranked_list,,YES,ALWAYS,Non-empty; specific; no invented facts,Ask the user when the answer cannot be derived safely.,User statement or approved source,brand_definition,NAO_DETERMINADO — criterios de naming/protecao de marca nao definidos nos documentos fornecidos.,PENDING_USER_INPUT,,,,
1.0,DS-FORM-001,BOTH,7,NAM,Naming e assinatura,4,DS-FORM-001-NAM-004,Quais territórios semânticos são proibidos?,naming,Define brand_definition sem depender de escolhas visuais implícitas.,list_of_objects,,YES,ALWAYS,Non-empty; specific; no invented facts,Ask the user when the answer cannot be derived safely.,User statement or approved source,brand_definition,NAO_DETERMINADO — criterios de naming/protecao de marca nao definidos nos documentos fornecidos.,PENDING_USER_INPUT,,,,
1.0,DS-FORM-001,BOTH,7,NAM,Naming e assinatura,5,DS-FORM-001-NAM-005,"Quais restrições de idioma, pronúncia, domínio e registro devem ser verificadas?",naming,Define brand_definition sem depender de escolhas visuais implícitas.,structured_text,,YES,ALWAYS,Non-empty; specific; no invented facts,Ask the user when the answer cannot be derived safely.,User statement or approved source,brand_definition,NAO_DETERMINADO — criterios de naming/protecao de marca nao definidos nos documentos fornecidos.,PENDING_USER_INPUT,,,,
1.0,DS-FORM-001,BOTH,7,NAM,Naming e assinatura,6,DS-FORM-001-NAM-006,Qual assinatura institucional deve acompanhar o nome?,naming,Define brand_definition sem depender de escolhas visuais implícitas.,short_text,,NO,ALWAYS,Non-empty; specific; no invented facts,Ask the user when the answer cannot be derived safely.,User statement or approved source,brand_definition,NAO_DETERMINADO — criterios de naming/protecao de marca nao definidos nos documentos fornecidos.,PENDING_USER_INPUT,,,,
1.0,DS-FORM-001,BOTH,7,NAM,Naming e assinatura,7,DS-FORM-001-NAM-007,Quais abreviações e siglas são autorizadas?,naming,Define brand_definition sem depender de escolhas visuais implícitas.,list_of_objects,,YES,ALWAYS,Non-empty; specific; no invented facts,Ask the user when the answer cannot be derived safely.,User statement or approved source,brand_definition,NAO_DETERMINADO — criterios de naming/protecao de marca nao definidos nos documentos fornecidos.,PENDING_USER_INPUT,,,,
1.0,DS-FORM-001,BOTH,7,NAM,Naming e assinatura,8,DS-FORM-001-NAM-008,Como produtos e módulos serão nomeados sob a marca principal?,naming,Define brand_definition sem depender de escolhas visuais implícitas.,structured_text,,YES,ALWAYS,Non-empty; specific; no invented facts,Ask the user when the answer cannot be derived safely.,User statement or approved source,brand_definition,Padrao observado: 'EXECUTAR <Modulo>' (ex.: 'EXECUTAR / Blog / Risco Cognitivo' no PRD-DESIGN-SYSTEM-001). Regra formal de naming de produtos/modulos nao foi declarada.,ANSWERED_FROM_EVIDENCE,0.35,ADR-SYSTEM.md,INFERRED de um unico exemplo; nao e uma regra de naming confirmada.,
1.0,DS-FORM-001,BOTH,8,LOG,Marca gráfica e ativos,1,DS-FORM-001-LOG-001,Que tipos de marca devem ser desenvolvidos?,logo_system,Define brand_definition sem depender de escolhas visuais implícitas.,multi_select,wordmark|symbol|combination|monogram|responsive_logo|app_icon|favicon|seal,YES,ALWAYS,Non-empty; specific; no invented facts,Ask the user when the answer cannot be derived safely.,User statement or approved source,brand_definition,NAO_DETERMINADO — nenhum sistema de marca grafica (logo) foi desenhado ou documentado nos arquivos fornecidos; apenas a paleta/tipografia/geometria do sistema de UI existem.,PENDING_USER_INPUT,,,,
1.0,DS-FORM-001,BOTH,8,LOG,Marca gráfica e ativos,2,DS-FORM-001-LOG-002,Qual conceito o símbolo deve tornar memorável?,logo_system,Define brand_definition sem depender de escolhas visuais implícitas.,short_text,,YES,ALWAYS,Non-empty; specific; no invented facts,Ask the user when the answer cannot be derived safely.,User statement or approved source,brand_definition,NAO_DETERMINADO — nenhum sistema de marca grafica (logo) foi desenhado ou documentado nos arquivos fornecidos; apenas a paleta/tipografia/geometria do sistema de UI existem.,PENDING_USER_INPUT,,,,
1.0,DS-FORM-001,BOTH,8,LOG,Marca gráfica e ativos,3,DS-FORM-001-LOG-003,Quais símbolos literais ou clichês devem ser evitados?,logo_system,Define brand_definition sem depender de escolhas visuais implícitas.,list_of_objects,,YES,ALWAYS,Non-empty; specific; no invented facts,Ask the user when the answer cannot be derived safely.,User statement or approved source,brand_definition,NAO_DETERMINADO — nenhum sistema de marca grafica (logo) foi desenhado ou documentado nos arquivos fornecidos; apenas a paleta/tipografia/geometria do sistema de UI existem.,PENDING_USER_INPUT,,,,
1.0,DS-FORM-001,BOTH,8,LOG,Marca gráfica e ativos,4,DS-FORM-001-LOG-004,Quais versões são obrigatórias?,logo_system,Define brand_definition sem depender de escolhas visuais implícitas.,multi_select,primary_horizontal|primary_vertical|compact|monochrome_black|monochrome_white|small_size|app_icon|print_one_color,YES,ALWAYS,Non-empty; specific; no invented facts,Ask the user when the answer cannot be derived safely.,User statement or approved source,brand_definition,NAO_DETERMINADO — nenhum sistema de marca grafica (logo) foi desenhado ou documentado nos arquivos fornecidos; apenas a paleta/tipografia/geometria do sistema de UI existem.,PENDING_USER_INPUT,,,,
1.0,DS-FORM-001,BOTH,8,LOG,Marca gráfica e ativos,5,DS-FORM-001-LOG-005,Qual é o menor tamanho digital e impresso necessário?,logo_system,Define brand_definition sem depender de escolhas visuais implícitas.,structured_text,,YES,ALWAYS,Provide px and mm when applicable,Ask the user when the answer cannot be derived safely.,User statement or approved source,brand_definition,NAO_DETERMINADO — nenhum sistema de marca grafica (logo) foi desenhado ou documentado nos arquivos fornecidos; apenas a paleta/tipografia/geometria do sistema de UI existem.,PENDING_USER_INPUT,,,,
1.0,DS-FORM-001,BOTH,8,LOG,Marca gráfica e ativos,6,DS-FORM-001-LOG-006,Quais regras de área de proteção precisam ser calculadas?,logo_system,Define brand_definition sem depender de escolhas visuais implícitas.,structured_text,,YES,ALWAYS,Non-empty; specific; no invented facts,Ask the user when the answer cannot be derived safely.,User statement or approved source,brand_definition,NAO_DETERMINADO — nenhum sistema de marca grafica (logo) foi desenhado ou documentado nos arquivos fornecidos; apenas a paleta/tipografia/geometria do sistema de UI existem.,PENDING_USER_INPUT,,,,
1.0,DS-FORM-001,BOTH,8,LOG,Marca gráfica e ativos,7,DS-FORM-001-LOG-007,Em quais fundos e contextos a marca deve funcionar?,logo_system,Define brand_definition sem depender de escolhas visuais implícitas.,multi_select,light|dark|photo|single_color|low_resolution|embroidery|laser|screen|offset,YES,ALWAYS,Non-empty; specific; no invented facts,Ask the user when the answer cannot be derived safely.,User statement or approved source,brand_definition,"Ao menos light, dark e screen ja sao contextos suportados (temas light/dark definidos em theme.css). Impressao (offset/laser), monocromia e baixa resolucao nao foram testados pois nenhum arquivo de logo existe ainda.",ANSWERED_FROM_EVIDENCE,0.4,design-system/tokens/theme.css,,
1.0,DS-FORM-001,BOTH,8,LOG,Marca gráfica e ativos,8,DS-FORM-001-LOG-008,Quais arquivos mestres e formatos finais são obrigatórios?,logo_system,Define brand_definition sem depender de escolhas visuais implícitas.,multi_select,svg|pdf_vector|eps|png|webp|ico|figma|source_file,YES,ALWAYS,Non-empty; specific; no invented facts,Ask the user when the answer cannot be derived safely.,User statement or approved source,brand_definition,"RECOMMENDED (baseline generico, a aplicar quando o logo for desenhado): SVG (arquivo mestre), PDF vetorial, PNG e WebP para raster, ICO para favicon, arquivo Figma/fonte editavel.",ANSWERED_FROM_EVIDENCE,0.5,Prompt.md,,
1.0,DS-FORM-001,BOTH,8,LOG,Marca gráfica e ativos,9,DS-FORM-001-LOG-009,"Quais metadados, licenças e direitos precisam acompanhar os ativos?",logo_system,Define brand_definition sem depender de escolhas visuais implícitas.,structured_text,,YES,ALWAYS,Non-empty; specific; no invented facts,Ask the user when the answer cannot be derived safely.,User statement or approved source,brand_definition,NAO_DETERMINADO — nenhum sistema de marca grafica (logo) foi desenhado ou documentado nos arquivos fornecidos; apenas a paleta/tipografia/geometria do sistema de UI existem.,PENDING_USER_INPUT,,,,
1.0,DS-FORM-001,BOTH,8,LOG,Marca gráfica e ativos,10,DS-FORM-001-LOG-010,"Qual teste de reconhecimento, redução e reprodução deve aprovar a marca?",logo_system,Define brand_definition sem depender de escolhas visuais implícitas.,structured_text,,YES,ALWAYS,Non-empty; specific; no invented facts,Ask the user when the answer cannot be derived safely.,User statement or approved source,brand_definition,NAO_DETERMINADO — nenhum sistema de marca grafica (logo) foi desenhado ou documentado nos arquivos fornecidos; apenas a paleta/tipografia/geometria do sistema de UI existem.,PENDING_USER_INPUT,,,,
1.0,DS-FORM-001,BOTH,9,COL,Sistema de cor,1,DS-FORM-001-COL-001,Quais papéis semânticos de cor precisam existir?,color_system,Define brand_definition sem depender de escolhas visuais implícitas.,multi_select,canvas|surface|text|muted|brand|action|success|warning|error|info|focus|selected|disabled|data_series|category,YES,ALWAYS,Non-empty; specific; no invented facts,Ask the user when the answer cannot be derived safely.,User statement or approved source,brand_definition,"canvas, surface, elevated, text (primary/secondary/muted), border (subtle/default/strong), action (primary/secondary + hover), success, warning, error, info, focus, disabled — implementados em tokens/design-tokens.json (color.semantic).",ANSWERED_FROM_EVIDENCE,0.85,ADR-SYSTEM.md,,
1.0,DS-FORM-001,BOTH,9,COL,Sistema de cor,2,DS-FORM-001-COL-002,Qual significado nunca pode depender somente da cor?,color_system,Define brand_definition sem depender de escolhas visuais implícitas.,list_of_objects,,YES,ALWAYS,Non-empty; specific; no invented facts,Ask the user when the answer cannot be derived safely.,User statement or approved source,brand_definition,"Estado (success/warning/error/info) nunca pode depender apenas da cor: exige icone + label textual (SPEC-ACCESSIBILITY-001, 'information: color_only prohibited'). Ver ACCESSIBILITY.md e o registry de icones do Callout (ADR-001).",ANSWERED_FROM_EVIDENCE,0.8,ADR-SYSTEM.md; ADR/ADR-001_PROTOCOLO_NATIVO_CALLOUTS_MULTIPLATAFORMA.md,,
1.0,DS-FORM-001,BOTH,9,COL,Sistema de cor,3,DS-FORM-001-COL-003,"A marca precisa de temas claro, escuro, alto contraste e monocromático?",color_system,Define brand_definition sem depender de escolhas visuais implícitas.,multi_select,light|dark|high_contrast|monochrome,YES,ALWAYS,Non-empty; specific; no invented facts,Ask the user when the answer cannot be derived safely.,User statement or approved source,brand_definition,"light e dark sao OBSERVED (theme.css); high_contrast e RECOMMENDED (nao auditado); monochrome aplica-se apenas ao contexto de impressao (PRN), ainda sem producao definida.",ANSWERED_FROM_EVIDENCE,0.6,design-system/tokens/theme.css,,
1.0,DS-FORM-001,BOTH,9,COL,Sistema de cor,4,DS-FORM-001-COL-004,"Quais restrições culturais, legais ou de categoria afetam as cores?",color_system,Define brand_definition sem depender de escolhas visuais implícitas.,structured_text,,YES,ALWAYS,Non-empty; specific; no invented facts,Ask the user when the answer cannot be derived safely.,User statement or approved source,brand_definition,NAO_DETERMINADO — nenhuma restricao cultural/legal de cor foi declarada.,PENDING_USER_INPUT,,,,
1.0,DS-FORM-001,BOTH,9,COL,Sistema de cor,5,DS-FORM-001-COL-005,Qual papel a cor de marca exerce sem competir com estados do sistema?,color_system,Define brand_definition sem depender de escolhas visuais implícitas.,structured_text,,YES,ALWAYS,Non-empty; specific; no invented facts,Ask the user when the answer cannot be derived safely.,User statement or approved source,brand_definition,"TENSAO DOCUMENTADA: ADR-SYSTEM.md (Accepted/SOT) reutiliza Green tanto como cor de marca/CTA quanto como semantic.state.success, e Azure tanto como marca/navegacao quanto como semantic.state.info (SPEC-COLOR-002). Desing-System-notes.md recomenda o oposto ('reserve Success/Warning/Error/Info exclusivamente para significado operacional, evitando reutiliza-las como identidade de marca'). Decisao adotada neste package: seguir o ADR (SOT aceito) e registrar a recomendacao divergente como melhoria futura opcional.",ANSWERED_FROM_EVIDENCE,0.75,ADR-SYSTEM.md; Desing-System-notes.md,,"Ver TRACEABILITY.md, linha color.semantic.state.success/info."
1.0,DS-FORM-001,BOTH,9,COL,Sistema de cor,6,DS-FORM-001-COL-006,Quantas cores categóricas simultâneas são necessárias?,color_system,Define brand_definition sem depender de escolhas visuais implícitas.,integer,,YES,ALWAYS,Integer 1-12,Ask the user when the answer cannot be derived safely.,User statement or approved source,brand_definition,"6 (estimativa RECOMMENDED de linha de base para graficos categoricos, antes de confusao de matiz); nao ha requisito de visualizacao de dados declarado que justifique um numero maior.",ANSWERED_FROM_EVIDENCE,0.3,Prompt.md,ESTIMADO — nenhum requisito real de data viz foi fornecido.,
1.0,DS-FORM-001,BOTH,9,COL,Sistema de cor,7,DS-FORM-001-COL-007,"Quais contrastes mínimos devem ser adotados para texto, ícones, foco e gráficos?",color_system,Define brand_definition sem depender de escolhas visuais implícitas.,structured_text,,YES,ALWAYS,Must cite accessibility baseline,Ask the user when the answer cannot be derived safely.,User statement or approved source,brand_definition,"WCAG 2.2 AA: >= 4.5:1 para texto normal, >= 3:1 para texto grande/icones/componentes de UI e graficos (SPEC-ACCESSIBILITY-001).",ANSWERED_FROM_EVIDENCE,0.9,ADR-SYSTEM.md,,
1.0,DS-FORM-001,BOTH,9,COL,Sistema de cor,8,DS-FORM-001-COL-008,Como cores devem se comportar em impressão CMYK e em escala de cinza?,color_system,Define brand_definition sem depender de escolhas visuais implícitas.,structured_text,,YES,ALWAYS,Non-empty; specific; no invented facts,Ask the user when the answer cannot be derived safely.,User statement or approved source,brand_definition,"NAO_DETERMINADO — nenhuma especificacao de producao grafica/CMYK foi fornecida (ver secao PRN, tambem pendente).",PENDING_USER_INPUT,,,,
1.0,DS-FORM-001,BOTH,9,COL,Sistema de cor,9,DS-FORM-001-COL-009,Quais pares de foreground/background precisam ser testados?,color_system,Define brand_definition sem depender de escolhas visuais implícitas.,relationship_matrix,,YES,ALWAYS,Non-empty; specific; no invented facts,Ask the user when the answer cannot be derived safely.,User statement or approved source,brand_definition,"Pares testados e documentados em ACCESSIBILITY.md: green.11/white, green.11/canvas, azure.11/white, azure.11/canvas, neutral.12/white, neutral.12/canvas, white/green.9 (texto de botao), white/azure.9, warning.11/white, error.11/white.",ANSWERED_FROM_EVIDENCE,0.85,design-system/00_GOVERNANCE/TRACEABILITY.md,,
1.0,DS-FORM-001,BOTH,9,COL,Sistema de cor,10,DS-FORM-001-COL-010,Como serão nomeadas as escalas primitivas e os aliases semânticos?,color_system,Define brand_definition sem depender de escolhas visuais implícitas.,structured_text,,YES,ALWAYS,Non-empty; specific; no invented facts,Ask the user when the answer cannot be derived safely.,User statement or approved source,brand_definition,Primitivos: color.palette.<familia>.<passo 1-12> (ex.: color.palette.green.9). Semanticos/alias: color.semantic.<grupo>.<nome> (ex.: color.semantic.action.primary). Implementado em tokens/design-tokens.json.,ANSWERED_FROM_EVIDENCE,0.85,design-system/tokens/design-tokens.json,,
1.0,DS-FORM-001,BOTH,9,COL,Sistema de cor,11,DS-FORM-001-COL-011,Quais cores são reservadas e não podem ser reutilizadas em decoração?,color_system,Define brand_definition sem depender de escolhas visuais implícitas.,relationship_matrix,,YES,ALWAYS,Non-empty; specific; no invented facts,Ask the user when the answer cannot be derived safely.,User statement or approved source,brand_definition,"Green e Azure em saturacao plena (passo 8-9) sao reservados para sinal/acao/informacao e nunca devem virar preenchimento decorativo de fundo (SPEC-IMAGE-002: distribuicao 80-90% neutro/branco/cinza-claro, 2-5% Green, 2-5% Azure).",ANSWERED_FROM_EVIDENCE,0.8,ADR-SYSTEM.md,,
1.0,DS-FORM-001,BOTH,9,COL,Sistema de cor,12,DS-FORM-001-COL-012,Quais critérios aprovam a paleta final?,color_system,Define brand_definition sem depender de escolhas visuais implícitas.,weighted_matrix,,YES,ALWAYS,Weights total 100%,Ask the user when the answer cannot be derived safely.,User statement or approved source,brand_definition,"RECOMMENDED (pendente de validacao do owner): conformidade de contraste AA 40%, distintividade de marca 20%, consistencia entre canais 20%, viabilidade de producao/impressao CMYK 20%.",ANSWERED_FROM_EVIDENCE,0.35,Prompt.md,RECOMMENDED — pesos nao aprovados formalmente.,
1.0,DS-FORM-001,BOTH,10,TYP,Sistema tipográfico,1,DS-FORM-001-TYP-001,Quais papéis tipográficos são necessários?,typography,Define brand_definition sem depender de escolhas visuais implícitas.,multi_select,display|heading|body|ui|label|caption|mono|data|print,YES,ALWAYS,Non-empty; specific; no invented facts,Ask the user when the answer cannot be derived safely.,User statement or approved source,brand_definition,"display, heading (h1-h3), body, ui (label/button), label, caption, mono, data — todos implementados na escala tipografica (design-tokens.json).",ANSWERED_FROM_EVIDENCE,0.85,ADR-SYSTEM.md,,
1.0,DS-FORM-001,BOTH,10,TYP,Sistema tipográfico,2,DS-FORM-001-TYP-002,"A tipografia deve ser proprietária, licenciada, open source ou de sistema?",typography,Define brand_definition sem depender de escolhas visuais implícitas.,single_select,proprietaria|licenciada|open_source|system|hibrida,YES,ALWAYS,Non-empty; specific; no invented facts,Ask the user when the answer cannot be derived safely.,User statement or approved source,brand_definition,open_source — IBM Plex Sans/Mono e distribuida pela IBM sob SIL Open Font License 1.1.,ANSWERED_FROM_EVIDENCE,0.85,ADR-SYSTEM.md,,
1.0,DS-FORM-001,BOTH,10,TYP,Sistema tipográfico,3,DS-FORM-001-TYP-003,"Quais idiomas, acentos e conjuntos de caracteres devem ser cobertos?",typography,Define brand_definition sem depender de escolhas visuais implícitas.,structured_text,,YES,ALWAYS,Non-empty; specific; no invented facts,Ask the user when the answer cannot be derived safely.,User statement or approved source,brand_definition,Latin + Latin-1 Supplement + Latin Extended-A (cobre acentuacao do portugues do Brasil). Outros scripts nao confirmados — depende da confirmacao de locales adicionais em CTL-006.,ANSWERED_FROM_EVIDENCE,0.6,CTL-006,,
1.0,DS-FORM-001,BOTH,10,TYP,Sistema tipográfico,4,DS-FORM-001-TYP-004,Quais características de legibilidade são obrigatórias?,typography,Define brand_definition sem depender de escolhas visuais implícitas.,multi_select,distinct_glyphs|open_apertures|large_x_height|tabular_numbers|variable_font|screen_hinting|print_quality,YES,ALWAYS,Non-empty; specific; no invented facts,Ask the user when the answer cannot be derived safely.,User statement or approved source,brand_definition,"distinct_glyphs, tabular_numbers, screen_hinting — caracteristicas de desenho da familia IBM Plex voltadas a UI/leitura tecnica. variable_font e print_quality dependem de qual distribuicao/formato de arquivo for licenciado.",ANSWERED_FROM_EVIDENCE,0.5,ADR-SYSTEM.md,,
1.0,DS-FORM-001,BOTH,10,TYP,Sistema tipográfico,5,DS-FORM-001-TYP-005,Quais pesos e estilos são realmente necessários?,typography,Define brand_definition sem depender de escolhas visuais implícitas.,list_of_objects,,YES,ALWAYS,Non-empty; specific; no invented facts,Ask the user when the answer cannot be derived safely.,User statement or approved source,brand_definition,"IBM Plex Sans Regular(400), Medium(500), SemiBold(600); IBM Plex Mono Regular(400) — unicos pesos usados pela escala tipografica atual (design-tokens.json).",ANSWERED_FROM_EVIDENCE,0.75,design-system/tokens/design-tokens.json,,
1.0,DS-FORM-001,BOTH,10,TYP,Sistema tipográfico,6,DS-FORM-001-TYP-006,Qual escala tipográfica deve existir para digital?,typography,Define brand_definition sem depender de escolhas visuais implícitas.,structured_text,,YES,ALWAYS,"Include size, line-height, weight and letter-spacing per role",Ask the user when the answer cannot be derived safely.,User statement or approved source,brand_definition,Escala completa (display/h1/h2/h3/title/subtitle/body-lg/body/body-sm/caption/label/button/overline/mono-data) documentada em DESIGN-SPEC.md e tokens/design-tokens.json.,ANSWERED_FROM_EVIDENCE,0.75,design-system/DESIGN-SPEC.md,,
1.0,DS-FORM-001,BOTH,10,TYP,Sistema tipográfico,7,DS-FORM-001-TYP-007,Qual escala tipográfica deve existir para impressão?,typography,Define brand_definition sem depender de escolhas visuais implícitas.,structured_text,,YES,ALWAYS,Use pt; include minimum body and captions,Ask the user when the answer cannot be derived safely.,User statement or approved source,brand_definition,"NAO_DETERMINADO — nenhuma escala tipografica de impressao (pt) foi definida; depende da secao PRN, ainda pendente.",PENDING_USER_INPUT,,,,
1.0,DS-FORM-001,BOTH,10,TYP,Sistema tipográfico,8,DS-FORM-001-TYP-008,Qual largura de leitura será usada por contexto?,typography,Define brand_definition sem depender de escolhas visuais implícitas.,relationship_matrix,,YES,ALWAYS,Use ch or physical measure,Ask the user when the answer cannot be derived safely.,User statement or approved source,brand_definition,"~70ch / 720px para coluna de leitura editorial (NORMALIZED de astro-blog.md, estrutural); componentes de UI/cards usam a largura do container, nao uma largura de leitura.",ANSWERED_FROM_EVIDENCE,0.5,astro-blog.md (estrutural),,
1.0,DS-FORM-001,BOTH,10,TYP,Sistema tipográfico,9,DS-FORM-001-TYP-009,"Como números, datas, IDs e dados tabulares serão apresentados?",typography,Define brand_definition sem depender de escolhas visuais implícitas.,structured_text,,YES,ALWAYS,Non-empty; specific; no invented facts,Ask the user when the answer cannot be derived safely.,User statement or approved source,brand_definition,"IBM Plex Mono + feature tabular-nums para IDs, metricas, dados tabulares e codigo (OBSERVED: ADR-SYSTEM.md).",ANSWERED_FROM_EVIDENCE,0.8,ADR-SYSTEM.md,,
1.0,DS-FORM-001,BOTH,10,TYP,Sistema tipográfico,10,DS-FORM-001-TYP-010,Quais fallbacks devem existir por plataforma?,typography,Define brand_definition sem depender de escolhas visuais implícitas.,relationship_matrix,,YES,ALWAYS,Non-empty; specific; no invented facts,Ask the user when the answer cannot be derived safely.,User statement or approved source,brand_definition,"sans: IBM Plex Sans, -apple-system, 'Segoe UI', sans-serif; mono: IBM Plex Mono, SFMono-Regular, Consolas, monospace — implementado em variables.css.",ANSWERED_FROM_EVIDENCE,0.75,design-system/tokens/variables.css,,
1.0,DS-FORM-001,BOTH,10,TYP,Sistema tipográfico,11,DS-FORM-001-TYP-011,Quais licenças e arquivos de fonte devem ser armazenados?,typography,Define brand_definition sem depender de escolhas visuais implícitas.,structured_text,,YES,ALWAYS,Non-empty; specific; no invented facts,Ask the user when the answer cannot be derived safely.,User statement or approved source,brand_definition,"RECOMMENDED: self-host os arquivos WOFF2 da familia em packages/design-tokens/fonts, com o arquivo de licenca OFL versionado junto.",ANSWERED_FROM_EVIDENCE,0.4,Prompt.md,,
1.0,DS-FORM-001,BOTH,10,TYP,Sistema tipográfico,12,DS-FORM-001-TYP-012,Quais amostras textuais testarão a família escolhida?,typography,Define brand_definition sem depender de escolhas visuais implícitas.,list_of_objects,,YES,ALWAYS,Non-empty; specific; no invented facts,Ask the user when the answer cannot be derived safely.,User statement or approved source,brand_definition,"RECOMMENDED: amostra com numeros (0-9), acentuacao pt-BR, rotulo de UI em maiuscula (label), CTA curto, mensagem de erro, linha de dado tabular — cobre os casos de maior risco de legibilidade da familia.",ANSWERED_FROM_EVIDENCE,0.4,Prompt.md,,
1.0,DS-FORM-001,BOTH,11,LAY,"Grid, composição e hierarquia",1,DS-FORM-001-LAY-001,Qual unidade-base de espaçamento será adotada?,layout_system,Define brand_definition sem depender de escolhas visuais implícitas.,single_select,4px|5px|8px|custom,YES,ALWAYS,Non-empty; specific; no invented facts,Ask the user when the answer cannot be derived safely.,User statement or approved source,brand_definition,"4px (base do scale space.*, compativel com Tailwind) — OBSERVED: ADR-SYSTEM.md declara spacing_unit 8px mas a propria escala fornecida (4,8,12,16,24,32,48,64,96) e multipla de 4px.",ANSWERED_FROM_EVIDENCE,0.75,ADR-SYSTEM.md,,
1.0,DS-FORM-001,BOTH,11,LAY,"Grid, composição e hierarquia",2,DS-FORM-001-LAY-002,Qual escala fechada de spacing deve ser gerada?,layout_system,Define brand_definition sem depender de escolhas visuais implícitas.,list_of_values,,YES,ALWAYS,Non-empty; specific; no invented facts,Ask the user when the answer cannot be derived safely.,User statement or approved source,brand_definition,"0,2,4,8,12,16,24,32,48,64,96,128 px — escala fechada em tokens/design-tokens.json (space.*), nucleo OBSERVED + extensoes RECOMMENDED (0.5 e 32) para compatibilidade Tailwind.",ANSWERED_FROM_EVIDENCE,0.75,design-system/tokens/design-tokens.json,,
1.0,DS-FORM-001,BOTH,11,LAY,"Grid, composição e hierarquia",3,DS-FORM-001-LAY-003,"Quais grids são necessários em desktop, tablet, mobile e impressão?",layout_system,Define brand_definition sem depender de escolhas visuais implícitas.,relationship_matrix,,YES,ALWAYS,Non-empty; specific; no invented facts,Ask the user when the answer cannot be derived safely.,User statement or approved source,brand_definition,"Desktop: grid 12 colunas; Tablet: 8 colunas; Mobile: 4 colunas (RECOMMENDED, convencao padrao de mercado — nao explicitamente especificado no ADR). Impressao: NAO_DETERMINADO (ver PRN).",ANSWERED_FROM_EVIDENCE,0.4,Prompt.md,,
1.0,DS-FORM-001,BOTH,11,LAY,"Grid, composição e hierarquia",4,DS-FORM-001-LAY-004,"Quais larguras máximas devem existir para app, marketing e leitura?",layout_system,Define brand_definition sem depender de escolhas visuais implícitas.,relationship_matrix,,YES,ALWAYS,Non-empty; specific; no invented facts,Ask the user when the answer cannot be derived safely.,User statement or approved source,brand_definition,App/marketing: container.page = 1200px; leitura editorial: container.reading = 720px (~70ch) — NORMALIZED de astro-blog.md (estrutural).,ANSWERED_FROM_EVIDENCE,0.5,astro-blog.md (estrutural),,
1.0,DS-FORM-001,BOTH,11,LAY,"Grid, composição e hierarquia",5,DS-FORM-001-LAY-005,"Qual hierarquia visual deve distinguir objeto, contexto, estado, ação e evidência?",layout_system,Define brand_definition sem depender de escolhas visuais implícitas.,structured_text,,YES,ALWAYS,Non-empty; specific; no invented facts,Ask the user when the answer cannot be derived safely.,User statement or approved source,brand_definition,Hierarquia por espaco antes de cor/sombra: objeto = surface elevada; contexto = canvas neutro; estado = cor semantica + icone (nunca so cor); acao = Green (primaria) / Azure (secundaria); evidencia = texto mono/tabular para dados brutos.,ANSWERED_FROM_EVIDENCE,0.6,ADR-SYSTEM.md; Desing-System-notes.md,,
1.0,DS-FORM-001,BOTH,11,LAY,"Grid, composição e hierarquia",6,DS-FORM-001-LAY-006,Quais regiões são permanentes em cada superfície?,layout_system,Define brand_definition sem depender de escolhas visuais implícitas.,relationship_matrix,,YES,ALWAYS,Non-empty; specific; no invented facts,Ask the user when the answer cannot be derived safely.,User statement or approved source,brand_definition,"NAO_DETERMINADO — regioes fixas (header/sidebar/footer) por superficie dependem de wireframes de produto ainda nao fornecidos alem dos exemplos do CARDS pack (referencia, nao especificacao).",PENDING_USER_INPUT,,,,
1.0,DS-FORM-001,BOTH,11,LAY,"Grid, composição e hierarquia",7,DS-FORM-001-LAY-007,"Quais regras governam densidade confortável, compacta e ampliada?",layout_system,Define brand_definition sem depender de escolhas visuais implícitas.,structured_text,,YES,ALWAYS,Non-empty; specific; no invented facts,Ask the user when the answer cannot be derived safely.,User statement or approved source,brand_definition,"Densidade controlada por um token `--density-unit` (comfortable=space.4, compact=space.2, expanded=space.6), implementado em styles/layout.css.",ANSWERED_FROM_EVIDENCE,0.4,design-system/styles/layout.css,"RECOMMENDED — regra propria deste package, nao herdada do ADR.",
1.0,DS-FORM-001,BOTH,11,LAY,"Grid, composição e hierarquia",8,DS-FORM-001-LAY-008,Quais famílias de raio são necessárias e qual semântica possui cada uma?,layout_system,Define brand_definition sem depender de escolhas visuais implícitas.,relationship_matrix,,YES,ALWAYS,Non-empty; specific; no invented facts,Ask the user when the answer cannot be derived safely.,User statement or approved source,brand_definition,"radius.sm(4px)=controles pequenos/inputs; radius.md(8px)=cards/botoes; radius.lg(12px)/xl(16px)=superficies elevadas grandes; radius.pill(999px)=botao primario e badges/tags (SPEC-SURFACE-001, botao 'pill ou rounded-large').",ANSWERED_FROM_EVIDENCE,0.7,ADR-SYSTEM.md,,
1.0,DS-FORM-001,BOTH,11,LAY,"Grid, composição e hierarquia",9,DS-FORM-001-LAY-009,"Quando borda, divisor, fundo ou elevação devem indicar agrupamento?",layout_system,Define brand_definition sem depender de escolhas visuais implícitas.,structured_text,,YES,ALWAYS,Non-empty; specific; no invented facts,Ask the user when the answer cannot be derived safely.,User statement or approved source,brand_definition,"Separacao por espaco e fundo (canvas -> surface) e a regra primaria; borda (1px, neutral.6) reforca quando duas surfaces brancas ficam adjacentes; elevacao (shadow.sm/hover) so em hover/interacao, nunca como recurso decorativo padrao (SPEC-SURFACE-001: 'separacao deve ocorrer prioritariamente por espaco, fundo e borda, nao por sombras pesadas').",ANSWERED_FROM_EVIDENCE,0.7,ADR-SYSTEM.md,,
1.0,DS-FORM-001,BOTH,11,LAY,"Grid, composição e hierarquia",10,DS-FORM-001-LAY-010,"Quais elementos podem ser sticky, fixed, overlay ou modal?",layout_system,Define brand_definition sem depender de escolhas visuais implícitas.,relationship_matrix,,YES,ALWAYS,Non-empty; specific; no invented facts,Ask the user when the answer cannot be derived safely.,User statement or approved source,brand_definition,Sticky: header global e barra de metadados de artigo longo. Fixed: nenhum elemento alem do header. Overlay/Modal: Drawer e Modal do componente inventory (ADR SPEC-COMPONENT-001).,ANSWERED_FROM_EVIDENCE,0.5,ADR-SYSTEM.md,,
1.0,DS-FORM-001,BOTH,11,LAY,"Grid, composição e hierarquia",11,DS-FORM-001-LAY-011,Quais regras impedem cardificação excessiva?,layout_system,Define brand_definition sem depender de escolhas visuais implícitas.,structured_text,,YES,ALWAYS,Non-empty; specific; no invented facts,Ask the user when the answer cannot be derived safely.,User statement or approved source,brand_definition,Regra herdada de SPEC-LAYOUT-002: nunca competir titulo+texto+card+botao+imagem+tag+icone+box+badge+grafico+CTA simultaneamente na mesma unidade visual; um assunto principal por composicao.,ANSWERED_FROM_EVIDENCE,0.75,ADR-SYSTEM.md,,
1.0,DS-FORM-001,BOTH,11,LAY,"Grid, composição e hierarquia",12,DS-FORM-001-LAY-012,Quais padrões de responsividade preservam prioridade e ordem semântica?,layout_system,Define brand_definition sem depender de escolhas visuais implícitas.,structured_text,,YES,ALWAYS,Non-empty; specific; no invented facts,Ask the user when the answer cannot be derived safely.,User statement or approved source,brand_definition,"SPEC-RESPONSIVE-001: a linguagem visual e preservada, nao a composicao — em mobile, conteudo e CTA tem prioridade sobre o objeto visual/isometrico, que e simplificado (nao apenas redimensionado). Ver RESPONSIVE-SPEC.md.",ANSWERED_FROM_EVIDENCE,0.75,ADR-SYSTEM.md,,
1.0,DS-FORM-001,BOTH,11,LAY,"Grid, composição e hierarquia",13,DS-FORM-001-LAY-013,"Como overflow, truncamento, wrapping e conteúdo longo devem funcionar?",layout_system,Define brand_definition sem depender de escolhas visuais implícitas.,structured_text,,YES,ALWAYS,Non-empty; specific; no invented facts,Ask the user when the answer cannot be derived safely.,User statement or approved source,brand_definition,Titulos truncam em 2-3 linhas com `line-clamp` + atributo title; metadados nao usam nowrap (suporte a diacriticos/CJK futuro); tabelas/dados longos usam scroll horizontal com `tabindex=0`.,ANSWERED_FROM_EVIDENCE,0.5,"astro-blog.md (padrao estrutural, nao paleta)",,
1.0,DS-FORM-001,BOTH,12,ICO,"Iconografia, ilustração e mídia",1,DS-FORM-001-ICO-001,Qual estilo de iconografia representa a marca?,visual_language,Define brand_definition sem depender de escolhas visuais implícitas.,structured_text,,YES,ALWAYS,Non-empty; specific; no invented facts,Ask the user when the answer cannot be derived safely.,User statement or approved source,brand_definition,"Linha fina (stroke), geometrico, minimalista — mesma linguagem de SPEC-LINE-001/SPEC-ILLUSTRATION-001 (thin outlines, simple primitives, clean grids).",ANSWERED_FROM_EVIDENCE,0.6,ADR-SYSTEM.md,,
1.0,DS-FORM-001,BOTH,12,ICO,"Iconografia, ilustração e mídia",2,DS-FORM-001-ICO-002,Qual biblioteca pode ser usada e quais ícones precisam ser exclusivos?,visual_language,Define brand_definition sem depender de escolhas visuais implícitas.,structured_text,,YES,ALWAYS,Non-empty; specific; no invented facts,Ask the user when the answer cannot be derived safely.,User statement or approved source,brand_definition,"Lucide — inferido dos nomes de icone usados no registry de Callouts do ADR-001 (Info, Lightbulb, CircleCheck, TriangleAlert, ShieldAlert, CircleHelp, BookOpen, FileText), que correspondem exatamente a nomes de componentes da biblioteca Lucide.",ANSWERED_FROM_EVIDENCE,0.65,ADR/ADR-001_PROTOCOLO_NATIVO_CALLOUTS_MULTIPLATAFORMA.md,"INFERRED por correspondencia de nomenclatura, nao por declaracao explicita da biblioteca.",
1.0,DS-FORM-001,BOTH,12,ICO,"Iconografia, ilustração e mídia",3,DS-FORM-001-ICO-003,"Quais tamanhos, strokes, grids e estados governam os ícones?",visual_language,Define brand_definition sem depender de escolhas visuais implícitas.,structured_text,,YES,ALWAYS,Non-empty; specific; no invented facts,Ask the user when the answer cannot be derived safely.,User statement or approved source,brand_definition,"NAO_DETERMINADO — detalhamento de grid/stroke/estados de icone, ilustracao, fotografia e diagramacao alem do estilo geral (thin line, isometrico) nao foi especificado com precisao suficiente para tokens.",PENDING_USER_INPUT,,,,
1.0,DS-FORM-001,BOTH,12,ICO,"Iconografia, ilustração e mídia",4,DS-FORM-001-ICO-004,Quando um ícone exige label textual?,visual_language,Define brand_definition sem depender de escolhas visuais implícitas.,structured_text,,YES,ALWAYS,Non-empty; specific; no invented facts,Ask the user when the answer cannot be derived safely.,User statement or approved source,brand_definition,"NAO_DETERMINADO — detalhamento de grid/stroke/estados de icone, ilustracao, fotografia e diagramacao alem do estilo geral (thin line, isometrico) nao foi especificado com precisao suficiente para tokens.",PENDING_USER_INPUT,,,,
1.0,DS-FORM-001,BOTH,12,ICO,"Iconografia, ilustração e mídia",5,DS-FORM-001-ICO-005,Qual linguagem de ilustração deve ser criada?,visual_language,Define brand_definition sem depender de escolhas visuais implícitas.,structured_text,,YES,ALWAYS,Non-empty; specific; no invented facts,Ask the user when the answer cannot be derived safely.,User statement or approved source,brand_definition,"NAO_DETERMINADO — detalhamento de grid/stroke/estados de icone, ilustracao, fotografia e diagramacao alem do estilo geral (thin line, isometrico) nao foi especificado com precisao suficiente para tokens.",PENDING_USER_INPUT,,,,
1.0,DS-FORM-001,BOTH,12,ICO,"Iconografia, ilustração e mídia",6,DS-FORM-001-ICO-006,"Quais temas, metáforas e estereótipos devem ser evitados?",visual_language,Define brand_definition sem depender de escolhas visuais implícitas.,list_of_objects,,YES,ALWAYS,Non-empty; specific; no invented facts,Ask the user when the answer cannot be derived safely.,User statement or approved source,brand_definition,"NAO_DETERMINADO — detalhamento de grid/stroke/estados de icone, ilustracao, fotografia e diagramacao alem do estilo geral (thin line, isometrico) nao foi especificado com precisao suficiente para tokens.",PENDING_USER_INPUT,,,,
1.0,DS-FORM-001,BOTH,12,ICO,"Iconografia, ilustração e mídia",7,DS-FORM-001-ICO-007,Qual direção fotográfica deve ser adotada?,visual_language,Define brand_definition sem depender de escolhas visuais implícitas.,structured_text,,YES,ALWAYS,Non-empty; specific; no invented facts,Ask the user when the answer cannot be derived safely.,User statement or approved source,brand_definition,"NAO_DETERMINADO — detalhamento de grid/stroke/estados de icone, ilustracao, fotografia e diagramacao alem do estilo geral (thin line, isometrico) nao foi especificado com precisao suficiente para tokens.",PENDING_USER_INPUT,,,,
1.0,DS-FORM-001,BOTH,12,ICO,"Iconografia, ilustração e mídia",8,DS-FORM-001-ICO-008,"Como imagens são cortadas, legendadas, creditadas e descritas?",visual_language,Define brand_definition sem depender de escolhas visuais implícitas.,structured_text,,YES,ALWAYS,Non-empty; specific; no invented facts,Ask the user when the answer cannot be derived safely.,User statement or approved source,brand_definition,"NAO_DETERMINADO — detalhamento de grid/stroke/estados de icone, ilustracao, fotografia e diagramacao alem do estilo geral (thin line, isometrico) nao foi especificado com precisao suficiente para tokens.",PENDING_USER_INPUT,,,,
1.0,DS-FORM-001,BOTH,12,ICO,"Iconografia, ilustração e mídia",9,DS-FORM-001-ICO-009,Como diagramas técnicos e mapas devem ser estilizados?,visual_language,Define brand_definition sem depender de escolhas visuais implícitas.,structured_text,,YES,ALWAYS,Non-empty; specific; no invented facts,Ask the user when the answer cannot be derived safely.,User statement or approved source,brand_definition,"NAO_DETERMINADO — detalhamento de grid/stroke/estados de icone, ilustracao, fotografia e diagramacao alem do estilo geral (thin line, isometrico) nao foi especificado com precisao suficiente para tokens.",PENDING_USER_INPUT,,,,
1.0,DS-FORM-001,BOTH,12,ICO,"Iconografia, ilustração e mídia",10,DS-FORM-001-ICO-010,"Quais arquivos, resoluções e proporções são obrigatórios por canal?",visual_language,Define brand_definition sem depender de escolhas visuais implícitas.,relationship_matrix,,YES,ALWAYS,Non-empty; specific; no invented facts,Ask the user when the answer cannot be derived safely.,User statement or approved source,brand_definition,"NAO_DETERMINADO — detalhamento de grid/stroke/estados de icone, ilustracao, fotografia e diagramacao alem do estilo geral (thin line, isometrico) nao foi especificado com precisao suficiente para tokens.",PENDING_USER_INPUT,,,,
1.0,DS-FORM-001,BOTH,13,DAT,Visualização de dados e evidências,1,DS-FORM-001-DAT-001,Quais tipos de dados serão comunicados com maior frequência?,data_visualization,Define brand_definition sem depender de escolhas visuais implícitas.,multi_select,categorical|time_series|part_to_whole|distribution|relationship|geospatial|workflow|hierarchy|network,YES,ALWAYS,Non-empty; specific; no invented facts,Ask the user when the answer cannot be derived safely.,User statement or approved source,brand_definition,"NAO_DETERMINADO — requisitos de visualizacao de dados (tipos de grafico, paleta categorica/sequencial/divergente, casos de teste) nao foram fornecidos.",PENDING_USER_INPUT,,,,
1.0,DS-FORM-001,BOTH,13,DAT,Visualização de dados e evidências,2,DS-FORM-001-DAT-002,"Quais gráficos são permitidos, condicionais e proibidos?",data_visualization,Define brand_definition sem depender de escolhas visuais implícitas.,relationship_matrix,,YES,ALWAYS,Non-empty; specific; no invented facts,Ask the user when the answer cannot be derived safely.,User statement or approved source,brand_definition,"NAO_DETERMINADO — requisitos de visualizacao de dados (tipos de grafico, paleta categorica/sequencial/divergente, casos de teste) nao foram fornecidos.",PENDING_USER_INPUT,,,,
1.0,DS-FORM-001,BOTH,13,DAT,Visualização de dados e evidências,3,DS-FORM-001-DAT-003,"Como dados observados, metas, projeções e incertezas serão diferenciados?",data_visualization,Define brand_definition sem depender de escolhas visuais implícitas.,structured_text,,YES,ALWAYS,Non-empty; specific; no invented facts,Ask the user when the answer cannot be derived safely.,User statement or approved source,brand_definition,"NAO_DETERMINADO — requisitos de visualizacao de dados (tipos de grafico, paleta categorica/sequencial/divergente, casos de teste) nao foram fornecidos.",PENDING_USER_INPUT,,,,
1.0,DS-FORM-001,BOTH,13,DAT,Visualização de dados e evidências,4,DS-FORM-001-DAT-004,Como a classificação epistêmica A-E será exibida?,data_visualization,Define brand_definition sem depender de escolhas visuais implícitas.,structured_text,,YES,ALWAYS,Non-empty; specific; no invented facts,Ask the user when the answer cannot be derived safely.,User statement or approved source,brand_definition,Reutiliza a classificacao epistemica A-E ja definida no proprio DS-FORM-001 (ver STR-005) e o esquema OBSERVED/INFERRED/NORMALIZED/RECOMMENDED deste handoff (Prompt.md §16) — nao e uma classificacao nova.,ANSWERED_FROM_EVIDENCE,0.6,Prompt.md,,
1.0,DS-FORM-001,BOTH,13,DAT,Visualização de dados e evidências,5,DS-FORM-001-DAT-005,"Qual paleta categórica, sequencial e divergente é necessária?",data_visualization,Define brand_definition sem depender de escolhas visuais implícitas.,structured_text,,YES,ALWAYS,Non-empty; specific; no invented facts,Ask the user when the answer cannot be derived safely.,User statement or approved source,brand_definition,"NAO_DETERMINADO — requisitos de visualizacao de dados (tipos de grafico, paleta categorica/sequencial/divergente, casos de teste) nao foram fornecidos.",PENDING_USER_INPUT,,,,
1.0,DS-FORM-001,BOTH,13,DAT,Visualização de dados e evidências,6,DS-FORM-001-DAT-006,"Como gráficos funcionam em alto contraste, monocromia e impressão?",data_visualization,Define brand_definition sem depender de escolhas visuais implícitas.,structured_text,,YES,ALWAYS,Non-empty; specific; no invented facts,Ask the user when the answer cannot be derived safely.,User statement or approved source,brand_definition,"NAO_DETERMINADO — requisitos de visualizacao de dados (tipos de grafico, paleta categorica/sequencial/divergente, casos de teste) nao foram fornecidos.",PENDING_USER_INPUT,,,,
1.0,DS-FORM-001,BOTH,13,DAT,Visualização de dados e evidências,7,DS-FORM-001-DAT-007,"Quais regras de eixo, escala, rótulo, legenda, fonte e arredondamento são mandatórias?",data_visualization,Define brand_definition sem depender de escolhas visuais implícitas.,structured_text,,YES,ALWAYS,Non-empty; specific; no invented facts,Ask the user when the answer cannot be derived safely.,User statement or approved source,brand_definition,"NAO_DETERMINADO — requisitos de visualizacao de dados (tipos de grafico, paleta categorica/sequencial/divergente, casos de teste) nao foram fornecidos.",PENDING_USER_INPUT,,,,
1.0,DS-FORM-001,BOTH,13,DAT,Visualização de dados e evidências,8,DS-FORM-001-DAT-008,"Como tabelas devem priorizar leitura, comparação e auditoria?",data_visualization,Define brand_definition sem depender de escolhas visuais implícitas.,structured_text,,YES,ALWAYS,Non-empty; specific; no invented facts,Ask the user when the answer cannot be derived safely.,User statement or approved source,brand_definition,"NAO_DETERMINADO — requisitos de visualizacao de dados (tipos de grafico, paleta categorica/sequencial/divergente, casos de teste) nao foram fornecidos.",PENDING_USER_INPUT,,,,
1.0,DS-FORM-001,BOTH,13,DAT,Visualização de dados e evidências,9,DS-FORM-001-DAT-009,Quais alternativas textuais devem acompanhar gráficos?,data_visualization,Define brand_definition sem depender de escolhas visuais implícitas.,structured_text,,YES,ALWAYS,Non-empty; specific; no invented facts,Ask the user when the answer cannot be derived safely.,User statement or approved source,brand_definition,"NAO_DETERMINADO — requisitos de visualizacao de dados (tipos de grafico, paleta categorica/sequencial/divergente, casos de teste) nao foram fornecidos.",PENDING_USER_INPUT,,,,
1.0,DS-FORM-001,BOTH,13,DAT,Visualização de dados e evidências,10,DS-FORM-001-DAT-010,Quais casos de teste representarão dados reais e extremos?,data_visualization,Define brand_definition sem depender de escolhas visuais implícitas.,list_of_objects,,YES,ALWAYS,Non-empty; specific; no invented facts,Ask the user when the answer cannot be derived safely.,User statement or approved source,brand_definition,"NAO_DETERMINADO — requisitos de visualizacao de dados (tipos de grafico, paleta categorica/sequencial/divergente, casos de teste) nao foram fornecidos.",PENDING_USER_INPUT,,,,
1.0,DS-FORM-001,BOTH,14,MOT,"Interação, estados e movimento",1,DS-FORM-001-MOT-001,Quais estados mínimos todo componente interativo deve possuir?,interaction,Define brand_definition sem depender de escolhas visuais implícitas.,multi_select,default|hover|focus|active|selected|loading|success|warning|error|disabled|empty|offline,YES,ALWAYS,Non-empty; specific; no invented facts,Ask the user when the answer cannot be derived safely.,User statement or approved source,brand_definition,"default, hover, focus, active, selected, loading, success, warning, error, disabled — estados minimos exigidos por SPEC-BUTTON-001 e pela lista de estados do Prompt.md §10 (empty/offline ficam a criterio de cada componente).",ANSWERED_FROM_EVIDENCE,0.7,ADR-SYSTEM.md,,
1.0,DS-FORM-001,BOTH,14,MOT,"Interação, estados e movimento",2,DS-FORM-001-MOT-002,Qual duração e easing governam microinterações e transições?,interaction,Define brand_definition sem depender de escolhas visuais implícitas.,structured_text,,YES,ALWAYS,Non-empty; specific; no invented facts,Ask the user when the answer cannot be derived safely.,User statement or approved source,brand_definition,"micro=150ms, default=200ms, large=300ms, easing=ease-out (SPEC-MOTION-001, pontos medios dos intervalos 120-180/180-250/250-400ms).",ANSWERED_FROM_EVIDENCE,0.8,ADR-SYSTEM.md,,
1.0,DS-FORM-001,BOTH,14,MOT,"Interação, estados e movimento",3,DS-FORM-001-MOT-003,Quais movimentos são funcionais e quais são proibidos?,interaction,Define brand_definition sem depender de escolhas visuais implícitas.,relationship_matrix,,YES,ALWAYS,Non-empty; specific; no invented facts,Ask the user when the answer cannot be derived safely.,User statement or approved source,brand_definition,"Funcionais: opacity, translate, scale-subtle, layer-depth (elevacao). Proibidos: bouncing, excessive-parallax, decorative-spin (SPEC-MOTION-001).",ANSWERED_FROM_EVIDENCE,0.85,ADR-SYSTEM.md,,
1.0,DS-FORM-001,BOTH,14,MOT,"Interação, estados e movimento",4,DS-FORM-001-MOT-004,Como prefers-reduced-motion deve prevalecer?,interaction,Define brand_definition sem depender de escolhas visuais implícitas.,structured_text,,YES,ALWAYS,Non-empty; specific; no invented facts,Ask the user when the answer cannot be derived safely.,User statement or approved source,brand_definition,"`prefers-reduced-motion: reduce` deve sobrepor toda animacao decorativa, reduzindo duracoes para ~0.01ms e desativando parallax/spin — implementado em styles/reset.css.",ANSWERED_FROM_EVIDENCE,0.6,design-system/styles/reset.css,NORMALIZED — pratica WCAG 2.2 padrao; o ADR nao detalha o mecanismo tecnico.,
1.0,DS-FORM-001,BOTH,14,MOT,"Interação, estados e movimento",5,DS-FORM-001-MOT-005,Quais áreas de toque mínimas são obrigatórias por plataforma?,interaction,Define brand_definition sem depender de escolhas visuais implícitas.,relationship_matrix,,YES,ALWAYS,Non-empty; specific; no invented facts,Ask the user when the answer cannot be derived safely.,User statement or approved source,brand_definition,"44px minimo em toda plataforma (SPEC-ACCESSIBILITY-001, 'minimum_touch_target: 44px'), aplicado tanto a Web/Astro quanto ao App Expo/React Native.",ANSWERED_FROM_EVIDENCE,0.8,ADR-SYSTEM.md,,
1.0,DS-FORM-001,BOTH,14,MOT,"Interação, estados e movimento",6,DS-FORM-001-MOT-006,"Como feedback imediato, progresso e conclusão serão comunicados?",interaction,Define brand_definition sem depender de escolhas visuais implícitas.,structured_text,,YES,ALWAYS,Non-empty; specific; no invented facts,Ask the user when the answer cannot be derived safely.,User statement or approved source,brand_definition,NAO_DETERMINADO — padrao de feedback de progresso/conclusao alem dos estados de botao (SPEC-BUTTON-001 loading) nao foi detalhado.,PENDING_USER_INPUT,,,,
1.0,DS-FORM-001,BOTH,14,MOT,"Interação, estados e movimento",7,DS-FORM-001-MOT-007,Como gestos possuem alternativa por teclado e controle explícito?,interaction,Define brand_definition sem depender de escolhas visuais implícitas.,structured_text,,YES,ALWAYS,Non-empty; specific; no invented facts,Ask the user when the answer cannot be derived safely.,User statement or approved source,brand_definition,NAO_DETERMINADO — alternativas de teclado para gestos nao foram especificadas (aplica-se principalmente ao App mobile).,PENDING_USER_INPUT,,,,
1.0,DS-FORM-001,BOTH,14,MOT,"Interação, estados e movimento",8,DS-FORM-001-MOT-008,"Como loading, erro, vazio, offline e conflito preservam contexto?",interaction,Define brand_definition sem depender de escolhas visuais implícitas.,structured_text,,YES,ALWAYS,Non-empty; specific; no invented facts,Ask the user when the answer cannot be derived safely.,User statement or approved source,brand_definition,NAO_DETERMINADO — comportamento detalhado de loading/erro/vazio/offline/conflito alem dos estados de componente basicos nao foi especificado.,PENDING_USER_INPUT,,,,
1.0,DS-FORM-001,BOTH,14,MOT,"Interação, estados e movimento",9,DS-FORM-001-MOT-009,"Como foco, scroll e seleção são preservados entre modos e projeções?",interaction,Define brand_definition sem depender de escolhas visuais implícitas.,structured_text,,YES,ALWAYS,Non-empty; specific; no invented facts,Ask the user when the answer cannot be derived safely.,User statement or approved source,brand_definition,NAO_DETERMINADO — preservacao de foco/scroll/selecao entre temas (light/dark) e projecoes de dispositivo nao foi especificada.,PENDING_USER_INPUT,,,,
1.0,DS-FORM-001,BOTH,14,MOT,"Interação, estados e movimento",10,DS-FORM-001-MOT-010,Quais testes de interação comprovam a experiência?,interaction,Define brand_definition sem depender de escolhas visuais implícitas.,list_of_objects,,YES,ALWAYS,Non-empty; specific; no invented facts,Ask the user when the answer cannot be derived safely.,User statement or approved source,brand_definition,NAO_DETERMINADO — testes de interacao formais ainda nao existem (nenhum QA foi executado sobre este package).,PENDING_USER_INPUT,,,,
1.0,DS-FORM-001,BOTH,15,ACC,Acessibilidade e adaptação cognitiva,1,DS-FORM-001-ACC-001,Qual baseline normativo será adotado?,accessibility,Define brand_definition sem depender de escolhas visuais implícitas.,multi_select,WCAG_2_2_AA|WCAG_2_2_AAA_selected|WAI_ARIA|COGA|ABNT_applicable|platform_guidelines,YES,ALWAYS,Non-empty; specific; no invented facts,Ask the user when the answer cannot be derived safely.,User statement or approved source,brand_definition,"WCAG_2_2_AA — baseline explicito em SPEC-ACCESSIBILITY-001 (contraste 4.5:1/3:1, foco visivel, toque minimo 44px, informacao nao pode depender so de cor).",ANSWERED_FROM_EVIDENCE,0.85,ADR-SYSTEM.md,,
1.0,DS-FORM-001,BOTH,15,ACC,Acessibilidade e adaptação cognitiva,2,DS-FORM-001-ACC-002,Quais requisitos são obrigatórios independentemente de modo?,accessibility,Define brand_definition sem depender de escolhas visuais implícitas.,list_of_objects,,YES,ALWAYS,Non-empty; specific; no invented facts,Ask the user when the answer cannot be derived safely.,User statement or approved source,brand_definition,"Contraste AA, foco sempre visivel (nunca suprimido, ver reset.css), alvo de toque >=44px, nenhuma informacao codificada apenas por cor — obrigatorios em qualquer modo/tema.",ANSWERED_FROM_EVIDENCE,0.8,ADR-SYSTEM.md,,
1.0,DS-FORM-001,BOTH,15,ACC,Acessibilidade e adaptação cognitiva,3,DS-FORM-001-ACC-003,Quais presets de apresentação cognitiva serão oferecidos?,accessibility,Define brand_definition sem depender de escolhas visuais implícitas.,multi_select,default|low_noise|focus|reading|predictable|deep_context|custom,YES,ALWAYS,Non-empty; specific; no invented facts,Ask the user when the answer cannot be derived safely.,User statement or approved source,brand_definition,"NAO_DETERMINADO — presets de apresentacao cognitiva (low_noise, focus, reading, etc.) nao foram desenhados; DS-FORM-001-AUD-010 lista a necessidade mas nenhuma implementacao existe.",PENDING_USER_INPUT,,,,
1.0,DS-FORM-001,BOTH,15,ACC,Acessibilidade e adaptação cognitiva,4,DS-FORM-001-ACC-004,Quais capability tokens cada preset altera?,accessibility,Define brand_definition sem depender de escolhas visuais implícitas.,relationship_matrix,,YES,ALWAYS,Non-empty; specific; no invented facts,Ask the user when the answer cannot be derived safely.,User statement or approved source,brand_definition,NAO_DETERMINADO — depende de ACC-003 (presets ainda nao definidos).,PENDING_USER_INPUT,,,,
1.0,DS-FORM-001,BOTH,15,ACC,Acessibilidade e adaptação cognitiva,5,DS-FORM-001-ACC-005,Quais preferências nunca devem ser tratadas como diagnóstico?,accessibility,Define brand_definition sem depender de escolhas visuais implícitas.,list_of_objects,,YES,ALWAYS,Non-empty; specific; no invented facts,Ask the user when the answer cannot be derived safely.,User statement or approved source,brand_definition,"Nenhuma preferencia de acessibilidade/cognitiva pode ser tratada como diagnostico medico — sao preferencias de apresentacao, nunca inferidas automaticamente do comportamento do usuario (principio geral de privacidade/acessibilidade, nao uma regra explicita do ADR).",ANSWERED_FROM_EVIDENCE,0.4,Prompt.md,"RECOMMENDED — boa pratica geral, nao uma decisao documentada do projeto.",
1.0,DS-FORM-001,BOTH,15,ACC,Acessibilidade e adaptação cognitiva,6,DS-FORM-001-ACC-006,"Como o usuário seleciona, testa, salva e redefine preferências?",accessibility,Define brand_definition sem depender de escolhas visuais implícitas.,structured_text,,YES,ALWAYS,Non-empty; specific; no invented facts,Ask the user when the answer cannot be derived safely.,User statement or approved source,brand_definition,NAO_DETERMINADO — fluxo de configuracao/precedencia/privacidade de preferencias de acessibilidade nao foi desenhado; requer decisao de produto.,PENDING_USER_INPUT,,,,
1.0,DS-FORM-001,BOTH,15,ACC,Acessibilidade e adaptação cognitiva,7,DS-FORM-001-ACC-007,"Qual ordem de precedência existe entre SO, usuário, URL e default?",accessibility,Define brand_definition sem depender de escolhas visuais implícitas.,ordered_list,,YES,ALWAYS,Non-empty; specific; no invented facts,Ask the user when the answer cannot be derived safely.,User statement or approved source,brand_definition,NAO_DETERMINADO — fluxo de configuracao/precedencia/privacidade de preferencias de acessibilidade nao foi desenhado; requer decisao de produto.,PENDING_USER_INPUT,,,,
1.0,DS-FORM-001,BOTH,15,ACC,Acessibilidade e adaptação cognitiva,8,DS-FORM-001-ACC-008,Como evitar perda ou ocultação de conteúdo crítico entre modos?,accessibility,Define brand_definition sem depender de escolhas visuais implícitas.,structured_text,,YES,ALWAYS,Non-empty; specific; no invented facts,Ask the user when the answer cannot be derived safely.,User statement or approved source,brand_definition,NAO_DETERMINADO — fluxo de configuracao/precedencia/privacidade de preferencias de acessibilidade nao foi desenhado; requer decisao de produto.,PENDING_USER_INPUT,,,,
1.0,DS-FORM-001,BOTH,15,ACC,Acessibilidade e adaptação cognitiva,9,DS-FORM-001-ACC-009,"Como zoom 200%, reflow e orientação serão verificados?",accessibility,Define brand_definition sem depender de escolhas visuais implícitas.,structured_text,,YES,ALWAYS,Non-empty; specific; no invented facts,Ask the user when the answer cannot be derived safely.,User statement or approved source,brand_definition,NAO_DETERMINADO — fluxo de configuracao/precedencia/privacidade de preferencias de acessibilidade nao foi desenhado; requer decisao de produto.,PENDING_USER_INPUT,,,,
1.0,DS-FORM-001,BOTH,15,ACC,Acessibilidade e adaptação cognitiva,10,DS-FORM-001-ACC-010,"Como teclado, leitor de tela, foco e landmarks serão testados?",accessibility,Define brand_definition sem depender de escolhas visuais implícitas.,structured_text,,YES,ALWAYS,Non-empty; specific; no invented facts,Ask the user when the answer cannot be derived safely.,User statement or approved source,brand_definition,NAO_DETERMINADO — fluxo de configuracao/precedencia/privacidade de preferencias de acessibilidade nao foi desenhado; requer decisao de produto.,PENDING_USER_INPUT,,,,
1.0,DS-FORM-001,BOTH,15,ACC,Acessibilidade e adaptação cognitiva,11,DS-FORM-001-ACC-011,Como privacidade e analytics tratam preferências cognitivas?,accessibility,Define brand_definition sem depender de escolhas visuais implícitas.,structured_text,,YES,ALWAYS,Non-empty; specific; no invented facts,Ask the user when the answer cannot be derived safely.,User statement or approved source,brand_definition,NAO_DETERMINADO — fluxo de configuracao/precedencia/privacidade de preferencias de acessibilidade nao foi desenhado; requer decisao de produto.,PENDING_USER_INPUT,,,,
1.0,DS-FORM-001,BOTH,15,ACC,Acessibilidade e adaptação cognitiva,12,DS-FORM-001-ACC-012,Quais validações exigem usuários reais antes de claims públicos?,accessibility,Define brand_definition sem depender de escolhas visuais implícitas.,structured_text,,YES,ALWAYS,"Separate implemented, tested and validated",Ask the user when the answer cannot be derived safely.,User statement or approved source,brand_definition,NAO_DETERMINADO — fluxo de configuracao/precedencia/privacidade de preferencias de acessibilidade nao foi desenhado; requer decisao de produto.,PENDING_USER_INPUT,,,,
1.0,DS-FORM-001,BOTH,16,CMP,Arquitetura de componentes,1,DS-FORM-001-CMP-001,Quais componentes primitivos são necessários?,component_system,Define brand_definition sem depender de escolhas visuais implícitas.,multi_select,button|input|select|checkbox|radio|switch|link|icon_button|divider|text|heading,YES,ALWAYS,Non-empty; specific; no invented facts,Ask the user when the answer cannot be derived safely.,User statement or approved source,brand_definition,"button, input, select, checkbox, radio, switch, link, icon_button, divider, text, heading — primitivos cobertos pela Foundation + Components de SPEC-COMPONENT-001.",ANSWERED_FROM_EVIDENCE,0.7,ADR-SYSTEM.md,,
1.0,DS-FORM-001,BOTH,16,CMP,Arquitetura de componentes,2,DS-FORM-001-CMP-002,Quais componentes compostos são necessários?,component_system,Define brand_definition sem depender de escolhas visuais implícitas.,list_of_objects,,YES,ALWAYS,Non-empty; specific; no invented facts,Ask the user when the answer cannot be derived safely.,User statement or approved source,brand_definition,"Card, Callout, Tabs, Modal, Drawer, Navigation, Article, CodeBlock, Metric, Progress, Diagram, SegmentedControl — compostos definidos em SPEC-COMPONENT-001, mais PostCard/CategoryPill/MetaBar/CopyLinkButton/NewsletterForm (especificos de Blog).",ANSWERED_FROM_EVIDENCE,0.7,"ADR-SYSTEM.md; astro-blog.md (arquitetura, nao paleta)",,
1.0,DS-FORM-001,BOTH,16,CMP,Arquitetura de componentes,3,DS-FORM-001-CMP-003,Quais componentes são compartilhados entre todos os produtos?,component_system,Define brand_definition sem depender de escolhas visuais implícitas.,list_of_objects,,YES,ALWAYS,Non-empty; specific; no invented facts,Ask the user when the answer cannot be derived safely.,User statement or approved source,brand_definition,"Button, IconButton, Badge, Card, Callout, Input, Navigation, Tabs, Modal — compartilhados entre App (Tamagui/RN) e Blog (Astro/React) via packages/design-tokens + contrato de props comum (ver DESIGN_TO_CODE_MAP.md).",ANSWERED_FROM_EVIDENCE,0.55,FILE_TREE.md,,
1.0,DS-FORM-001,BOTH,16,CMP,Arquitetura de componentes,4,DS-FORM-001-CMP-004,"Quais componentes permanecem específicos do app, blog, mobile ou print?",component_system,Define brand_definition sem depender de escolhas visuais implícitas.,relationship_matrix,,YES,ALWAYS,Non-empty; specific; no invented facts,Ask the user when the answer cannot be derived safely.,User statement or approved source,brand_definition,"Especificos de Blog: PostCard, CategoryPill, MetaBar, CopyLinkButton, NewsletterForm, CodeBlock com syntax highlight. Especificos de App: navegacao nativa Tamagui, gestos mobile. Print: nenhum componente definido (ver PRN, pendente).",ANSWERED_FROM_EVIDENCE,0.5,astro-blog.md (arquitetura),,
1.0,DS-FORM-001,BOTH,16,CMP,Arquitetura de componentes,5,DS-FORM-001-CMP-005,Quais variantes e tamanhos são permitidos por componente?,component_system,Define brand_definition sem depender de escolhas visuais implícitas.,relationship_matrix,,YES,ALWAYS,Non-empty; specific; no invented facts,Ask the user when the answer cannot be derived safely.,User statement or approved source,brand_definition,"Button: variantes primary/secondary/tertiary/icon, tamanhos sm/md/lg (SPEC-BUTTON e ADR 'Estrategia de botoes'). Demais componentes: variantes/tamanhos detalhados por componente em COMPONENT-SPEC.md.",ANSWERED_FROM_EVIDENCE,0.6,ADR-SYSTEM.md,,
1.0,DS-FORM-001,BOTH,16,CMP,Arquitetura de componentes,6,DS-FORM-001-CMP-006,"Quais props, slots, estados e eventos compõem o contrato?",component_system,Define brand_definition sem depender de escolhas visuais implícitas.,structured_text,,YES,ALWAYS,Non-empty; specific; no invented facts,Ask the user when the answer cannot be derived safely.,User statement or approved source,brand_definition,"Contrato minimo: variant, size, state (default/hover/focus/active/disabled/loading), children/slot de conteudo, onPress/onClick — ver component-inventory.md e o schema CalloutNode do ADR-001 como exemplo formal.",ANSWERED_FROM_EVIDENCE,0.5,ADR/ADR-001_PROTOCOLO_NATIVO_CALLOUTS_MULTIPLATAFORMA.md,,
1.0,DS-FORM-001,BOTH,16,CMP,Arquitetura de componentes,7,DS-FORM-001-CMP-007,Quais regras de composição evitam duplicação?,component_system,Define brand_definition sem depender de escolhas visuais implícitas.,structured_text,,YES,ALWAYS,Non-empty; specific; no invented facts,Ask the user when the answer cannot be derived safely.,User statement or approved source,brand_definition,"Regra herdada: tokens de componente sempre derivam de tokens semanticos, nunca de primitivos ou HEX diretos (ADR-SYSTEM 'Regra critica'); nenhum componente reimplementa estilo ja coberto por outro (ex.: Callout nao duplica Card).",ANSWERED_FROM_EVIDENCE,0.6,ADR-SYSTEM.md,,
1.0,DS-FORM-001,BOTH,16,CMP,Arquitetura de componentes,8,DS-FORM-001-CMP-008,Como tokens de componente derivam de tokens semânticos?,component_system,Define brand_definition sem depender de escolhas visuais implícitas.,structured_text,,YES,ALWAYS,Non-empty; specific; no invented facts,Ask the user when the answer cannot be derived safely.,User statement or approved source,brand_definition,Cadeia obrigatoria: token primitivo (color.palette.*) -> token semantico (color.semantic.*) -> token de componente (ex.: button.background = semantic.action.primary) -> CSS/props do componente. Implementado em theme.css.,ANSWERED_FROM_EVIDENCE,0.6,design-system/tokens/theme.css,,
1.0,DS-FORM-001,BOTH,16,CMP,Arquitetura de componentes,9,DS-FORM-001-CMP-009,"Como Storybook documentará comportamento, acessibilidade e conteúdo extremo?",component_system,Define brand_definition sem depender de escolhas visuais implícitas.,structured_text,,YES,ALWAYS,Non-empty; specific; no invented facts,Ask the user when the answer cannot be derived safely.,User statement or approved source,brand_definition,NAO_DETERMINADO — nenhum Storybook foi criado ainda; este package fornece a especificacao (COMPONENT-SPEC.md) que o Storybook deveria implementar.,PENDING_USER_INPUT,,,,
1.0,DS-FORM-001,BOTH,16,CMP,Arquitetura de componentes,10,DS-FORM-001-CMP-010,"Quais componentes exigem testes visuais, unitários e E2E?",component_system,Define brand_definition sem depender de escolhas visuais implícitas.,relationship_matrix,,YES,ALWAYS,Non-empty; specific; no invented facts,Ask the user when the answer cannot be derived safely.,User statement or approved source,brand_definition,NAO_DETERMINADO — estrategia de testes (visual/unitario/E2E) por componente e uma decisao de engenharia a ser tomada durante a implementacao.,PENDING_USER_INPUT,,,,
1.0,DS-FORM-001,BOTH,16,CMP,Arquitetura de componentes,11,DS-FORM-001-CMP-011,Quais componentes legados devem ser removidos após equivalência?,component_system,Define brand_definition sem depender de escolhas visuais implícitas.,list_of_objects,,NO,FORM_MODE=MIGRATION,Non-empty; specific; no invented facts,Ask the user when the answer cannot be derived safely.,User statement or approved source,brand_definition,N/A — nao ha codigo de componente legado nesta base de repositorio (repositorio greenfield); nada a remover.,ANSWERED_FROM_EVIDENCE,0.9,estado do repositorio (vazio),,
1.0,DS-FORM-001,BOTH,16,CMP,Arquitetura de componentes,12,DS-FORM-001-CMP-012,Qual critério define um componente como estável e publicável?,component_system,Define brand_definition sem depender de escolhas visuais implícitas.,structured_text,,YES,ALWAYS,Non-empty; specific; no invented facts,Ask the user when the answer cannot be derived safely.,User statement or approved source,brand_definition,"Um componente e considerado estavel/publicavel quando: (1) usa apenas tokens semanticos, (2) implementa todos os estados de SPEC-BUTTON-001/COMPONENT-SPEC.md aplicaveis, (3) passa contraste AA, (4) tem alvo de toque >=44px quando interativo, (5) esta documentado em component-inventory.md.",ANSWERED_FROM_EVIDENCE,0.5,design-system/qa/implementation-checklist.md,,
1.0,DS-FORM-001,BOTH,17,EDT,Sistema editorial e conteúdo,1,DS-FORM-001-EDT-001,Quais tipos de conteúdo serão publicados?,editorial_system,Define brand_definition sem depender de escolhas visuais implícitas.,multi_select,article|essay|research|news|case_study|documentation|report|social|email|presentation,YES,ALWAYS,Non-empty; specific; no invented facts,Ask the user when the answer cannot be derived safely.,User statement or approved source,brand_definition,article (post de blog) — unico tipo de conteudo detalhado nos documentos-fonte (astro-blog.md). Demais tipos (research/case_study/report/social) nao foram especificados.,ANSWERED_FROM_EVIDENCE,0.5,astro-blog.md (arquitetura),,
1.0,DS-FORM-001,BOTH,17,EDT,Sistema editorial e conteúdo,2,DS-FORM-001-EDT-002,Qual anatomia canônica existe para cada tipo?,editorial_system,Define brand_definition sem depender de escolhas visuais implícitas.,relationship_matrix,,YES,ALWAYS,Non-empty; specific; no invented facts,Ask the user when the answer cannot be derived safely.,User statement or approved source,brand_definition,"Anatomia de post individual: header global, breadcrumb, titulo (H1), barra de metadados, imagem de destaque opcional, corpo MDX, CTA opcional, related posts, newsletter, footer — ver RESPONSIVE-SPEC.md.",ANSWERED_FROM_EVIDENCE,0.6,astro-blog.md (arquitetura),,
1.0,DS-FORM-001,BOTH,17,EDT,Sistema editorial e conteúdo,3,DS-FORM-001-EDT-003,"Quais níveis de heading, lead, body, quote, evidence, callout e reference são necessários?",editorial_system,Define brand_definition sem depender de escolhas visuais implícitas.,structured_text,,YES,ALWAYS,Non-empty; specific; no invented facts,Ask the user when the answer cannot be derived safely.,User statement or approved source,brand_definition,"NAO_DETERMINADO — regras editoriais alem da anatomia do post individual (niveis de heading detalhados, representacoes alternativas de conteudo, templates adicionais) nao foram especificadas.",PENDING_USER_INPUT,,,,
1.0,DS-FORM-001,BOTH,17,EDT,Sistema editorial e conteúdo,4,DS-FORM-001-EDT-004,Quais representações alternativas do mesmo conteúdo existirão?,editorial_system,Define brand_definition sem depender de escolhas visuais implícitas.,multi_select,integral|essential|visual|audio_ready|plain_language,YES,ALWAYS,Non-empty; specific; no invented facts,Ask the user when the answer cannot be derived safely.,User statement or approved source,brand_definition,"NAO_DETERMINADO — regras editoriais alem da anatomia do post individual (niveis de heading detalhados, representacoes alternativas de conteudo, templates adicionais) nao foram especificadas.",PENDING_USER_INPUT,,,,
1.0,DS-FORM-001,BOTH,17,EDT,Sistema editorial e conteúdo,5,DS-FORM-001-EDT-005,Como representações permanecem ligadas ao mesmo conceito canônico?,editorial_system,Define brand_definition sem depender de escolhas visuais implícitas.,structured_text,,YES,ALWAYS,Non-empty; specific; no invented facts,Ask the user when the answer cannot be derived safely.,User statement or approved source,brand_definition,"NAO_DETERMINADO — regras editoriais alem da anatomia do post individual (niveis de heading detalhados, representacoes alternativas de conteudo, templates adicionais) nao foram especificadas.",PENDING_USER_INPUT,,,,
1.0,DS-FORM-001,BOTH,17,EDT,Sistema editorial e conteúdo,6,DS-FORM-001-EDT-006,"Como autoria, data, versão, revisão e fontes aparecem?",editorial_system,Define brand_definition sem depender de escolhas visuais implícitas.,structured_text,,YES,ALWAYS,Non-empty; specific; no invented facts,Ask the user when the answer cannot be derived safely.,User statement or approved source,brand_definition,"NAO_DETERMINADO — regras editoriais alem da anatomia do post individual (niveis de heading detalhados, representacoes alternativas de conteudo, templates adicionais) nao foram especificadas.",PENDING_USER_INPUT,,,,
1.0,DS-FORM-001,BOTH,17,EDT,Sistema editorial e conteúdo,7,DS-FORM-001-EDT-007,"Quais regras governam destaque, marca-texto, callouts e citações?",editorial_system,Define brand_definition sem depender de escolhas visuais implícitas.,structured_text,,YES,ALWAYS,Non-empty; specific; no invented facts,Ask the user when the answer cannot be derived safely.,User statement or approved source,brand_definition,"NAO_DETERMINADO — regras editoriais alem da anatomia do post individual (niveis de heading detalhados, representacoes alternativas de conteudo, templates adicionais) nao foram especificadas.",PENDING_USER_INPUT,,,,
1.0,DS-FORM-001,BOTH,17,EDT,Sistema editorial e conteúdo,8,DS-FORM-001-EDT-008,"Como cards editoriais, arquivos, temas e busca mantêm coerência?",editorial_system,Define brand_definition sem depender de escolhas visuais implícitas.,structured_text,,YES,ALWAYS,Non-empty; specific; no invented facts,Ask the user when the answer cannot be derived safely.,User statement or approved source,brand_definition,"NAO_DETERMINADO — regras editoriais alem da anatomia do post individual (niveis de heading detalhados, representacoes alternativas de conteudo, templates adicionais) nao foram especificadas.",PENDING_USER_INPUT,,,,
1.0,DS-FORM-001,BOTH,17,EDT,Sistema editorial e conteúdo,9,DS-FORM-001-EDT-009,Como conteúdo longo se comporta em mobile e impressão?,editorial_system,Define brand_definition sem depender de escolhas visuais implícitas.,structured_text,,YES,ALWAYS,Non-empty; specific; no invented facts,Ask the user when the answer cannot be derived safely.,User statement or approved source,brand_definition,"NAO_DETERMINADO — regras editoriais alem da anatomia do post individual (niveis de heading detalhados, representacoes alternativas de conteudo, templates adicionais) nao foram especificadas.",PENDING_USER_INPUT,,,,
1.0,DS-FORM-001,BOTH,17,EDT,Sistema editorial e conteúdo,10,DS-FORM-001-EDT-010,Quais templates editoriais devem ser gerados?,editorial_system,Define brand_definition sem depender de escolhas visuais implícitas.,list_of_objects,,YES,ALWAYS,Non-empty; specific; no invented facts,Ask the user when the answer cannot be derived safely.,User statement or approved source,brand_definition,"NAO_DETERMINADO — regras editoriais alem da anatomia do post individual (niveis de heading detalhados, representacoes alternativas de conteudo, templates adicionais) nao foram especificadas.",PENDING_USER_INPUT,,,,
1.0,DS-FORM-001,BOTH,18,CHN,Aplicações multicanal,1,DS-FORM-001-CHN-001,Quais superfícies digitais entram na primeira versão?,channel_system,Define brand_definition sem depender de escolhas visuais implícitas.,multi_select,saas|marketing_site|blog|mobile_web|ios|android|email|docs|storybook,YES,ALWAYS,Non-empty; specific; no invented facts,Ask the user when the answer cannot be derived safely.,User statement or approved source,brand_definition,"blog (Astro, mobile_web/desktop), android e ios (App via Expo/React Native/Tamagui). 'saas' operacional corresponde ao proprio App. Admin (Payload) e interno, nao uma superficie publica.",ANSWERED_FROM_EVIDENCE,0.55,ADR/ADR-001_PROTOCOLO_NATIVO_CALLOUTS_MULTIPLATAFORMA.md; 00_GOVERNANCE/SOT_RESOLUTION.md,,
1.0,DS-FORM-001,BOTH,18,CHN,Aplicações multicanal,2,DS-FORM-001-CHN-002,Quais superfícies impressas entram na primeira versão?,channel_system,Define brand_definition sem depender de escolhas visuais implícitas.,multi_select,a4_report|a3_map|prisma|booklet|card|poster|letterhead|business_card|sticker,YES,ALWAYS,Non-empty; specific; no invented facts,Ask the user when the answer cannot be derived safely.,User statement or approved source,brand_definition,"NAO_DETERMINADO — nenhuma superficie impressa foi confirmada para a primeira versao, apesar de 'Prisma' aparecer como formato citado em multiplos documentos (DS-FORM-001 e ADR de Creator Operations OS menciona Canva para producao visual, sem specs de impressao).",PENDING_USER_INPUT,,,,
1.0,DS-FORM-001,BOTH,18,CHN,Aplicações multicanal,3,DS-FORM-001-CHN-003,"Qual densidade, hierarquia e ação primária muda por canal?",channel_system,Define brand_definition sem depender de escolhas visuais implícitas.,relationship_matrix,,YES,ALWAYS,Non-empty; specific; no invented facts,Ask the user when the answer cannot be derived safely.,User statement or approved source,brand_definition,"NAO_DETERMINADO — comportamento por canal alem de SaaS/Blog/Mobile (e-mail, social, apresentacoes, relatorios, Prisma) nao foi especificado nos documentos fornecidos.",PENDING_USER_INPUT,,,,
1.0,DS-FORM-001,BOTH,18,CHN,Aplicações multicanal,4,DS-FORM-001-CHN-004,Quais tokens são universais e quais são adaptadores de canal?,channel_system,Define brand_definition sem depender de escolhas visuais implícitas.,relationship_matrix,,YES,ALWAYS,Non-empty; specific; no invented facts,Ask the user when the answer cannot be derived safely.,User statement or approved source,brand_definition,"NAO_DETERMINADO — comportamento por canal alem de SaaS/Blog/Mobile (e-mail, social, apresentacoes, relatorios, Prisma) nao foi especificado nos documentos fornecidos.",PENDING_USER_INPUT,,,,
1.0,DS-FORM-001,BOTH,18,CHN,Aplicações multicanal,5,DS-FORM-001-CHN-005,Como a identidade se comporta no SaaS operacional?,channel_system,Define brand_definition sem depender de escolhas visuais implícitas.,structured_text,,YES,ALWAYS,Non-empty; specific; no invented facts,Ask the user when the answer cannot be derived safely.,User statement or approved source,brand_definition,"SaaS/App: interface densa e operacional, Green para acao/progresso, Azure para navegacao/informacao, poucos efeitos (ADR: 'leves, silenciosos e SaaS').",ANSWERED_FROM_EVIDENCE,0.55,ADR-SYSTEM.md,,
1.0,DS-FORM-001,BOTH,18,CHN,Aplicações multicanal,6,DS-FORM-001-CHN-006,Como a identidade se comporta no blog editorial?,channel_system,Define brand_definition sem depender de escolhas visuais implícitas.,structured_text,,YES,ALWAYS,Non-empty; specific; no invented facts,Ask the user when the answer cannot be derived safely.,User statement or approved source,brand_definition,"Blog editorial: leitura longa confortavel (coluna ~70ch), hierarquia editorial clara, Azure para links/CTAs de conteudo, Green reservado a acoes de produto dentro do artigo (ex.: CTA 'Comecar agora').",ANSWERED_FROM_EVIDENCE,0.55,ADR-SYSTEM.md; astro-blog.md (arquitetura),,
1.0,DS-FORM-001,BOTH,18,CHN,Aplicações multicanal,7,DS-FORM-001-CHN-007,Como a identidade se comporta no mobile nativo?,channel_system,Define brand_definition sem depender de escolhas visuais implícitas.,structured_text,,YES,ALWAYS,Non-empty; specific; no invented facts,Ask the user when the answer cannot be derived safely.,User statement or approved source,brand_definition,"Mobile nativo (App): mesma paleta/tokens via tokens.native.ts (Tamagui), com alvo de toque 44px e gestos com alternativa por controle explicito (pendente detalhamento em MOT-007).",ANSWERED_FROM_EVIDENCE,0.45,design-system/tokens/tokens.native.ts,,
1.0,DS-FORM-001,BOTH,18,CHN,Aplicações multicanal,8,DS-FORM-001-CHN-008,Como a identidade se comporta em e-mails transacionais e editoriais?,channel_system,Define brand_definition sem depender de escolhas visuais implícitas.,structured_text,,YES,ALWAYS,Non-empty; specific; no invented facts,Ask the user when the answer cannot be derived safely.,User statement or approved source,brand_definition,"NAO_DETERMINADO — comportamento por canal alem de SaaS/Blog/Mobile (e-mail, social, apresentacoes, relatorios, Prisma) nao foi especificado nos documentos fornecidos.",PENDING_USER_INPUT,,,,
1.0,DS-FORM-001,BOTH,18,CHN,Aplicações multicanal,9,DS-FORM-001-CHN-009,Como a identidade se comporta em redes sociais e thumbnails?,channel_system,Define brand_definition sem depender de escolhas visuais implícitas.,structured_text,,YES,ALWAYS,Non-empty; specific; no invented facts,Ask the user when the answer cannot be derived safely.,User statement or approved source,brand_definition,"NAO_DETERMINADO — comportamento por canal alem de SaaS/Blog/Mobile (e-mail, social, apresentacoes, relatorios, Prisma) nao foi especificado nos documentos fornecidos.",PENDING_USER_INPUT,,,,
1.0,DS-FORM-001,BOTH,18,CHN,Aplicações multicanal,10,DS-FORM-001-CHN-010,Como a identidade se comporta em apresentações?,channel_system,Define brand_definition sem depender de escolhas visuais implícitas.,structured_text,,YES,ALWAYS,Non-empty; specific; no invented facts,Ask the user when the answer cannot be derived safely.,User statement or approved source,brand_definition,"NAO_DETERMINADO — comportamento por canal alem de SaaS/Blog/Mobile (e-mail, social, apresentacoes, relatorios, Prisma) nao foi especificado nos documentos fornecidos.",PENDING_USER_INPUT,,,,
1.0,DS-FORM-001,BOTH,18,CHN,Aplicações multicanal,11,DS-FORM-001-CHN-011,Como a identidade se comporta em relatórios e documentos?,channel_system,Define brand_definition sem depender de escolhas visuais implícitas.,structured_text,,YES,ALWAYS,Non-empty; specific; no invented facts,Ask the user when the answer cannot be derived safely.,User statement or approved source,brand_definition,"NAO_DETERMINADO — comportamento por canal alem de SaaS/Blog/Mobile (e-mail, social, apresentacoes, relatorios, Prisma) nao foi especificado nos documentos fornecidos.",PENDING_USER_INPUT,,,,
1.0,DS-FORM-001,BOTH,18,CHN,Aplicações multicanal,12,DS-FORM-001-CHN-012,Como a identidade se comporta em impressão compacta Prisma?,channel_system,Define brand_definition sem depender de escolhas visuais implícitas.,structured_text,,YES,ALWAYS,Non-empty; specific; no invented facts,Ask the user when the answer cannot be derived safely.,User statement or approved source,brand_definition,"NAO_DETERMINADO — comportamento por canal alem de SaaS/Blog/Mobile (e-mail, social, apresentacoes, relatorios, Prisma) nao foi especificado nos documentos fornecidos.",PENDING_USER_INPUT,,,,
1.0,DS-FORM-001,BOTH,18,CHN,Aplicações multicanal,13,DS-FORM-001-CHN-013,Quais assets responsivos devem ser gerados automaticamente?,channel_system,Define brand_definition sem depender de escolhas visuais implícitas.,list_of_objects,,YES,ALWAYS,Non-empty; specific; no invented facts,Ask the user when the answer cannot be derived safely.,User statement or approved source,brand_definition,"NAO_DETERMINADO — comportamento por canal alem de SaaS/Blog/Mobile (e-mail, social, apresentacoes, relatorios, Prisma) nao foi especificado nos documentos fornecidos.",PENDING_USER_INPUT,,,,
1.0,DS-FORM-001,BOTH,18,CHN,Aplicações multicanal,14,DS-FORM-001-CHN-014,Quais provas cruzadas demonstram que todos os canais pertencem à mesma marca?,channel_system,Define brand_definition sem depender de escolhas visuais implícitas.,list_of_objects,,YES,ALWAYS,Non-empty; specific; no invented facts,Ask the user when the answer cannot be derived safely.,User statement or approved source,brand_definition,"NAO_DETERMINADO — comportamento por canal alem de SaaS/Blog/Mobile (e-mail, social, apresentacoes, relatorios, Prisma) nao foi especificado nos documentos fornecidos.",PENDING_USER_INPUT,,,,
1.0,DS-FORM-001,BOTH,19,PRN,Produção gráfica e impressão,1,DS-FORM-001-PRN-001,"Quais formatos físicos, orientações e sistemas de dobra são necessários?",print_system,Define brand_definition sem depender de escolhas visuais implícitas.,list_of_objects,,YES,ALWAYS,Non-empty; specific; no invented facts,Ask the user when the answer cannot be derived safely.,User statement or approved source,brand_definition,"NAO_DETERMINADO — nenhuma especificacao de producao grafica/impressao (papel, sangria, perfil de cor, QR, preflight) foi fornecida; 'Prisma' e citado como canal futuro mas sem especificacao tecnica.",PENDING_USER_INPUT,,,,
1.0,DS-FORM-001,BOTH,19,PRN,Produção gráfica e impressão,2,DS-FORM-001-PRN-002,"Quais margens, sangrias, áreas seguras e marcas técnicas são obrigatórias?",print_system,Define brand_definition sem depender de escolhas visuais implícitas.,relationship_matrix,,YES,ALWAYS,Non-empty; specific; no invented facts,Ask the user when the answer cannot be derived safely.,User statement or approved source,brand_definition,"NAO_DETERMINADO — nenhuma especificacao de producao grafica/impressao (papel, sangria, perfil de cor, QR, preflight) foi fornecida; 'Prisma' e citado como canal futuro mas sem especificacao tecnica.",PENDING_USER_INPUT,,,,
1.0,DS-FORM-001,BOTH,19,PRN,Produção gráfica e impressão,3,DS-FORM-001-PRN-003,"Quais papéis, acabamentos e processos de impressão são previstos?",print_system,Define brand_definition sem depender de escolhas visuais implícitas.,structured_text,,YES,ALWAYS,Non-empty; specific; no invented facts,Ask the user when the answer cannot be derived safely.,User statement or approved source,brand_definition,"NAO_DETERMINADO — nenhuma especificacao de producao grafica/impressao (papel, sangria, perfil de cor, QR, preflight) foi fornecida; 'Prisma' e citado como canal futuro mas sem especificacao tecnica.",PENDING_USER_INPUT,,,,
1.0,DS-FORM-001,BOTH,19,PRN,Produção gráfica e impressão,4,DS-FORM-001-PRN-004,Quais perfis de cor e condições de prova serão usados?,print_system,Define brand_definition sem depender de escolhas visuais implícitas.,structured_text,,YES,ALWAYS,Non-empty; specific; no invented facts,Ask the user when the answer cannot be derived safely.,User statement or approved source,brand_definition,"NAO_DETERMINADO — nenhuma especificacao de producao grafica/impressao (papel, sangria, perfil de cor, QR, preflight) foi fornecida; 'Prisma' e citado como canal futuro mas sem especificacao tecnica.",PENDING_USER_INPUT,,,,
1.0,DS-FORM-001,BOTH,19,PRN,Produção gráfica e impressão,5,DS-FORM-001-PRN-005,Quais cores especiais ou limitações de tinta precisam ser consideradas?,print_system,Define brand_definition sem depender de escolhas visuais implícitas.,structured_text,,YES,ALWAYS,Non-empty; specific; no invented facts,Ask the user when the answer cannot be derived safely.,User statement or approved source,brand_definition,"NAO_DETERMINADO — nenhuma especificacao de producao grafica/impressao (papel, sangria, perfil de cor, QR, preflight) foi fornecida; 'Prisma' e citado como canal futuro mas sem especificacao tecnica.",PENDING_USER_INPUT,,,,
1.0,DS-FORM-001,BOTH,19,PRN,Produção gráfica e impressão,6,DS-FORM-001-PRN-006,"Quais tamanhos mínimos de texto, linha e símbolo são seguros?",print_system,Define brand_definition sem depender de escolhas visuais implícitas.,relationship_matrix,,YES,ALWAYS,Non-empty; specific; no invented facts,Ask the user when the answer cannot be derived safely.,User statement or approved source,brand_definition,"NAO_DETERMINADO — nenhuma especificacao de producao grafica/impressao (papel, sangria, perfil de cor, QR, preflight) foi fornecida; 'Prisma' e citado como canal futuro mas sem especificacao tecnica.",PENDING_USER_INPUT,,,,
1.0,DS-FORM-001,BOTH,19,PRN,Produção gráfica e impressão,7,DS-FORM-001-PRN-007,"Como QR codes, códigos, URLs e identificadores serão dimensionados e testados?",print_system,Define brand_definition sem depender de escolhas visuais implícitas.,structured_text,,YES,ALWAYS,Non-empty; specific; no invented facts,Ask the user when the answer cannot be derived safely.,User statement or approved source,brand_definition,"NAO_DETERMINADO — nenhuma especificacao de producao grafica/impressao (papel, sangria, perfil de cor, QR, preflight) foi fornecida; 'Prisma' e citado como canal futuro mas sem especificacao tecnica.",PENDING_USER_INPUT,,,,
1.0,DS-FORM-001,BOTH,19,PRN,Produção gráfica e impressão,8,DS-FORM-001-PRN-008,Como o material funciona em preto e branco e impressoras domésticas?,print_system,Define brand_definition sem depender de escolhas visuais implícitas.,structured_text,,YES,ALWAYS,Non-empty; specific; no invented facts,Ask the user when the answer cannot be derived safely.,User statement or approved source,brand_definition,"NAO_DETERMINADO — nenhuma especificacao de producao grafica/impressao (papel, sangria, perfil de cor, QR, preflight) foi fornecida; 'Prisma' e citado como canal futuro mas sem especificacao tecnica.",PENDING_USER_INPUT,,,,
1.0,DS-FORM-001,BOTH,19,PRN,Produção gráfica e impressão,9,DS-FORM-001-PRN-009,Como conteúdo variável é populado sem quebrar o layout?,print_system,Define brand_definition sem depender de escolhas visuais implícitas.,structured_text,,YES,ALWAYS,Non-empty; specific; no invented facts,Ask the user when the answer cannot be derived safely.,User statement or approved source,brand_definition,"NAO_DETERMINADO — nenhuma especificacao de producao grafica/impressao (papel, sangria, perfil de cor, QR, preflight) foi fornecida; 'Prisma' e citado como canal futuro mas sem especificacao tecnica.",PENDING_USER_INPUT,,,,
1.0,DS-FORM-001,BOTH,19,PRN,Produção gráfica e impressão,10,DS-FORM-001-PRN-010,Quais templates precisam ser editáveis e em quais formatos?,print_system,Define brand_definition sem depender de escolhas visuais implícitas.,multi_select,html_print|pdf|svg|indesign|figma|docx|pptx,YES,ALWAYS,Non-empty; specific; no invented facts,Ask the user when the answer cannot be derived safely.,User statement or approved source,brand_definition,"NAO_DETERMINADO — nenhuma especificacao de producao grafica/impressao (papel, sangria, perfil de cor, QR, preflight) foi fornecida; 'Prisma' e citado como canal futuro mas sem especificacao tecnica.",PENDING_USER_INPUT,,,,
1.0,DS-FORM-001,BOTH,19,PRN,Produção gráfica e impressão,11,DS-FORM-001-PRN-011,Quais checks de preflight antecedem a publicação?,print_system,Define brand_definition sem depender de escolhas visuais implícitas.,list_of_objects,,YES,ALWAYS,Non-empty; specific; no invented facts,Ask the user when the answer cannot be derived safely.,User statement or approved source,brand_definition,"NAO_DETERMINADO — nenhuma especificacao de producao grafica/impressao (papel, sangria, perfil de cor, QR, preflight) foi fornecida; 'Prisma' e citado como canal futuro mas sem especificacao tecnica.",PENDING_USER_INPUT,,,,
1.0,DS-FORM-001,BOTH,19,PRN,Produção gráfica e impressão,12,DS-FORM-001-PRN-012,Qual prova física deve ser aprovada antes de declarar verificação?,print_system,Define brand_definition sem depender de escolhas visuais implícitas.,structured_text,,YES,ALWAYS,Non-empty; specific; no invented facts,Ask the user when the answer cannot be derived safely.,User statement or approved source,brand_definition,"NAO_DETERMINADO — nenhuma especificacao de producao grafica/impressao (papel, sangria, perfil de cor, QR, preflight) foi fornecida; 'Prisma' e citado como canal futuro mas sem especificacao tecnica.",PENDING_USER_INPUT,,,,
1.0,DS-FORM-001,BOTH,20,TOK,Arquitetura de design tokens,1,DS-FORM-001-TOK-001,Qual formato canônico de tokens será adotado?,token_architecture,Define brand_definition sem depender de escolhas visuais implícitas.,single_select,DTCG_JSON|Tokens_Studio_JSON|custom_json,YES,ALWAYS,Non-empty; specific; no invented facts,Ask the user when the answer cannot be derived safely.,User statement or approved source,brand_definition,"custom_json compativel com o formato DTCG (grupos $type/$value/$description), implementado em tokens/design-tokens.json.",ANSWERED_FROM_EVIDENCE,0.6,design-system/tokens/design-tokens.json,,
1.0,DS-FORM-001,BOTH,20,TOK,Arquitetura de design tokens,2,DS-FORM-001-TOK-002,Quais famílias primitivas serão definidas?,token_architecture,Define brand_definition sem depender de escolhas visuais implícitas.,multi_select,color|font_family|font_weight|font_size|line_height|letter_spacing|space|size|radius|border|shadow|opacity|motion|z_index|breakpoint,YES,ALWAYS,Non-empty; specific; no invented facts,Ask the user when the answer cannot be derived safely.,User statement or approved source,brand_definition,"color, font_family, font_size, font_weight, line_height, letter_spacing, space, radius, border, shadow, opacity, motion, z_index, breakpoint — todas implementadas.",ANSWERED_FROM_EVIDENCE,0.75,design-system/tokens/design-tokens.json,,
1.0,DS-FORM-001,BOTH,20,TOK,Arquitetura de design tokens,3,DS-FORM-001-TOK-003,Quais famílias semânticas serão definidas?,token_architecture,Define brand_definition sem depender de escolhas visuais implícitas.,list_of_objects,,YES,ALWAYS,Non-empty; specific; no invented facts,Ask the user when the answer cannot be derived safely.,User statement or approved source,brand_definition,"background, text, border, action, state, focus — grupos semanticos implementados em color.semantic (ver tambem DESIGN-SPEC.md).",ANSWERED_FROM_EVIDENCE,0.75,design-system/tokens/design-tokens.json,,
1.0,DS-FORM-001,BOTH,20,TOK,Arquitetura de design tokens,4,DS-FORM-001-TOK-004,Quais tokens de componente são permitidos?,token_architecture,Define brand_definition sem depender de escolhas visuais implícitas.,structured_text,,YES,ALWAYS,Non-empty; specific; no invented facts,Ask the user when the answer cannot be derived safely.,User statement or approved source,brand_definition,Permitidos apenas quando derivam de um token semantico (ex.: button.background -> semantic.action.primary); nunca referenciam um primitivo ou HEX diretamente (regra critica do ADR).,ANSWERED_FROM_EVIDENCE,0.6,ADR-SYSTEM.md,,
1.0,DS-FORM-001,BOTH,20,TOK,Arquitetura de design tokens,5,DS-FORM-001-TOK-005,Como aliases impedem valores brutos nos componentes?,token_architecture,Define brand_definition sem depender de escolhas visuais implícitas.,structured_text,,YES,ALWAYS,Non-empty; specific; no invented facts,Ask the user when the answer cannot be derived safely.,User statement or approved source,brand_definition,"Todo consumo em componente usa a variavel semantica (`--semantic-*` em CSS, `semanticLight` em tokens.native.ts), nunca `--color-<familia>-<passo>` diretamente fora da camada de tema.",ANSWERED_FROM_EVIDENCE,0.6,design-system/tokens/theme.css,,
1.0,DS-FORM-001,BOTH,20,TOK,Arquitetura de design tokens,6,DS-FORM-001-TOK-006,Quais temas e modos devem ser compilados?,token_architecture,Define brand_definition sem depender de escolhas visuais implícitas.,list_of_objects,,YES,ALWAYS,Non-empty; specific; no invented facts,Ask the user when the answer cannot be derived safely.,User statement or approved source,brand_definition,"light (default), dark, high-contrast (RECOMMENDED, nao auditado) — compilados em theme.css via `[data-theme]`.",ANSWERED_FROM_EVIDENCE,0.6,design-system/tokens/theme.css,,
1.0,DS-FORM-001,BOTH,20,TOK,Arquitetura de design tokens,7,DS-FORM-001-TOK-007,Quais plataformas de saída devem ser geradas?,token_architecture,Define brand_definition sem depender de escolhas visuais implícitas.,multi_select,css_variables|typescript|tailwind|tamagui|react_native|figma|android_xml|ios_swift|print_css|json,YES,ALWAYS,Non-empty; specific; no invented facts,Ask the user when the answer cannot be derived safely.,User statement or approved source,brand_definition,"css_variables, typescript (tokens.native.ts), tailwind (via mapeamento das mesmas variaveis), tamagui/react_native (tokens.native.ts), json (design-tokens.json). android_xml/ios_swift/figma nao gerados nesta entrega.",ANSWERED_FROM_EVIDENCE,0.6,design-system/tokens/,,
1.0,DS-FORM-001,BOTH,20,TOK,Arquitetura de design tokens,8,DS-FORM-001-TOK-008,"Como unidades px, rem, pt e mm são convertidas sem falsa equivalência?",token_architecture,Define brand_definition sem depender de escolhas visuais implícitas.,structured_text,,YES,ALWAYS,Non-empty; specific; no invented facts,Ask the user when the answer cannot be derived safely.,User statement or approved source,brand_definition,"px como unidade canonica digital; rem apenas em contextos que exigem escala pelo tamanho de fonte do usuario (a definir na implementacao); pt/mm reservados exclusivamente ao dominio de impressao (PRN, pendente) — nunca convertidos automaticamente de px sem revisao humana.",ANSWERED_FROM_EVIDENCE,0.5,Prompt.md,,
1.0,DS-FORM-001,BOTH,20,TOK,Arquitetura de design tokens,9,DS-FORM-001-TOK-009,"Como tokens serão nomeados, versionados, depreciados e removidos?",token_architecture,Define brand_definition sem depender de escolhas visuais implícitas.,structured_text,,YES,ALWAYS,Non-empty; specific; no invented facts,Ask the user when the answer cannot be derived safely.,User statement or approved source,brand_definition,"Nomeacao semantica estavel (ver TOK-003); versionamento semantic_versioning no pacote packages/design-tokens (ver GOV-002); depreciacao via aviso no CHANGELOG.md antes de remocao, nunca remocao direta.",ANSWERED_FROM_EVIDENCE,0.5,design-system/CHANGELOG.md,,
1.0,DS-FORM-001,BOTH,20,TOK,Arquitetura de design tokens,10,DS-FORM-001-TOK-010,"Como o build valida referências quebradas, duplicatas e contrastes?",token_architecture,Define brand_definition sem depender de escolhas visuais implícitas.,structured_text,,YES,ALWAYS,Non-empty; specific; no invented facts,Ask the user when the answer cannot be derived safely.,User statement or approved source,brand_definition,"NAO_DETERMINADO — pipeline de build/CI que valide referencias quebradas, duplicatas e contraste automaticamente ainda nao existe (ver IMPLEMENTATION_PLAN.md para o passo recomendado).",PENDING_USER_INPUT,,,,
1.0,DS-FORM-001,BOTH,20,TOK,Arquitetura de design tokens,11,DS-FORM-001-TOK-011,Como consumidores recebem versões e changelog?,token_architecture,Define brand_definition sem depender de escolhas visuais implícitas.,structured_text,,YES,ALWAYS,Non-empty; specific; no invented facts,Ask the user when the answer cannot be derived safely.,User statement or approved source,brand_definition,NAO_DETERMINADO — mecanismo de changelog para consumidores externos do pacote de tokens ainda nao implementado (ver CHANGELOG.md como ponto de partida).,PENDING_USER_INPUT,,,,
1.0,DS-FORM-001,BOTH,20,TOK,Arquitetura de design tokens,12,DS-FORM-001-TOK-012,Qual pacote e repositório serão a única fonte de verdade?,token_architecture,Define brand_definition sem depender de escolhas visuais implícitas.,short_text,,YES,ALWAYS,One canonical location only,Ask the user when the answer cannot be derived safely.,User statement or approved source,brand_definition,packages/design-tokens dentro do monorepo (ver FILE_TREE.md) — fonte canonica unica; design-system/tokens/ neste repositorio de handoff e a origem que deve ser portada para la.,ANSWERED_FROM_EVIDENCE,0.55,FILE_TREE.md,,
1.0,DS-FORM-001,BOTH,21,TEC,Integração técnica,1,DS-FORM-001-TEC-001,Quais frameworks e runtimes precisam consumir o sistema?,technical_delivery,Define brand_definition sem depender de escolhas visuais implícitas.,list_of_objects,,YES,ALWAYS,Non-empty; specific; no invented facts,Ask the user when the answer cannot be derived safely.,User statement or approved source,brand_definition,Astro 5 + React (islands) para o Blog; Expo + React Native + Tamagui para o App; Payload Admin (React/Next.js nativo do Payload) para o backoffice — ver SOT_RESOLUTION.md.,ANSWERED_FROM_EVIDENCE,0.6,design-system/00_GOVERNANCE/SOT_RESOLUTION.md,,
1.0,DS-FORM-001,BOTH,21,TEC,Integração técnica,2,DS-FORM-001-TEC-002,"Quais restrições de bundle, performance e carregamento de fontes existem?",technical_delivery,Define brand_definition sem depender de escolhas visuais implícitas.,structured_text,,YES,ALWAYS,Non-empty; specific; no invented facts,Ask the user when the answer cannot be derived safely.,User statement or approved source,brand_definition,NAO_DETERMINADO — orcamento de bundle/performance e estrategia de carregamento de fontes nao foram definidos numericamente.,PENDING_USER_INPUT,,,,
1.0,DS-FORM-001,BOTH,21,TEC,Integração técnica,3,DS-FORM-001-TEC-003,Como o pacote será distribuído entre repositórios?,technical_delivery,Define brand_definition sem depender de escolhas visuais implícitas.,single_select,workspace_package|private_registry|github_packages|git_dependency|other,YES,ALWAYS,Non-empty; specific; no invented facts,Ask the user when the answer cannot be derived safely.,User statement or approved source,brand_definition,"workspace_package — pacote `packages/design-tokens` dentro do monorepo (pnpm workspaces), conforme FILE_TREE.md.",ANSWERED_FROM_EVIDENCE,0.5,FILE_TREE.md,,
1.0,DS-FORM-001,BOTH,21,TEC,Integração técnica,4,DS-FORM-001-TEC-004,Como evitar cópias manuais de tokens entre projetos?,technical_delivery,Define brand_definition sem depender de escolhas visuais implícitas.,structured_text,,YES,ALWAYS,Non-empty; specific; no invented facts,Ask the user when the answer cannot be derived safely.,User statement or approved source,brand_definition,Nenhuma copia manual: Blog e App importam `@executar/design-tokens` do workspace; nenhum valor de cor/tipografia deve ser copiado por valor entre projetos.,ANSWERED_FROM_EVIDENCE,0.5,FILE_TREE.md,,
1.0,DS-FORM-001,BOTH,21,TEC,Integração técnica,5,DS-FORM-001-TEC-005,"Como linting impedirá cores, spacing e tipografia arbitrários?",technical_delivery,Define brand_definition sem depender de escolhas visuais implícitas.,structured_text,,YES,ALWAYS,Non-empty; specific; no invented facts,Ask the user when the answer cannot be derived safely.,User statement or approved source,brand_definition,NAO_DETERMINADO — regra de lint especifica (ex.: plugin ESLint/stylelint para bloquear HEX/px arbitrarios) ainda nao configurada; recomendado no IMPLEMENTATION_PLAN.md.,PENDING_USER_INPUT,,,,
1.0,DS-FORM-001,BOTH,21,TEC,Integração técnica,6,DS-FORM-001-TEC-006,Como visual regression será executado?,technical_delivery,Define brand_definition sem depender de escolhas visuais implícitas.,structured_text,,YES,ALWAYS,Non-empty; specific; no invented facts,Ask the user when the answer cannot be derived safely.,User statement or approved source,brand_definition,"NAO_DETERMINADO — ferramenta de regressao visual (ex.: Chromatic, Playwright screenshots) nao foi escolhida.",PENDING_USER_INPUT,,,,
1.0,DS-FORM-001,BOTH,21,TEC,Integração técnica,7,DS-FORM-001-TEC-007,Como versões incompatíveis serão detectadas no CI?,technical_delivery,Define brand_definition sem depender de escolhas visuais implícitas.,structured_text,,YES,ALWAYS,Non-empty; specific; no invented facts,Ask the user when the answer cannot be derived safely.,User statement or approved source,brand_definition,NAO_DETERMINADO — deteccao de versao incompativel de tokens no CI ainda nao implementada.,PENDING_USER_INPUT,,,,
1.0,DS-FORM-001,BOTH,21,TEC,Integração técnica,8,DS-FORM-001-TEC-008,"Como SSR, tema inicial e preferências evitam flash visual?",technical_delivery,Define brand_definition sem depender de escolhas visuais implícitas.,structured_text,,YES,ALWAYS,Non-empty; specific; no invented facts,Ask the user when the answer cannot be derived safely.,User statement or approved source,brand_definition,"Tema inicial resolvido no servidor (Astro SSR) a partir de cookie/prefer-color-scheme antes do primeiro paint, evitando flash — pratica recomendada para stacks com SSR; nao testada nesta entrega.",ANSWERED_FROM_EVIDENCE,0.4,Prompt.md,RECOMMENDED — nao implementado nem validado.,
1.0,DS-FORM-001,BOTH,21,TEC,Integração técnica,9,DS-FORM-001-TEC-009,"Como assets são otimizados, cacheados e invalidados?",technical_delivery,Define brand_definition sem depender de escolhas visuais implícitas.,structured_text,,YES,ALWAYS,Non-empty; specific; no invented facts,Ask the user when the answer cannot be derived safely.,User statement or approved source,brand_definition,NAO_DETERMINADO — estrategia de cache/invalidação de assets alem de `astro:assets` (otimizacao automatica) nao foi detalhada.,PENDING_USER_INPUT,,,,
1.0,DS-FORM-001,BOTH,21,TEC,Integração técnica,10,DS-FORM-001-TEC-010,Quais ambientes precisam receber preview e aprovação?,technical_delivery,Define brand_definition sem depender de escolhas visuais implícitas.,multi_select,local|storybook|preview|staging|production,YES,ALWAYS,Non-empty; specific; no invented facts,Ask the user when the answer cannot be derived safely.,User statement or approved source,brand_definition,"local, storybook (a criar), preview (Vercel/Cloudflare Pages preview deploys, conforme astro-blog.md), production.",ANSWERED_FROM_EVIDENCE,0.45,astro-blog.md (arquitetura),,
1.0,DS-FORM-001,BOTH,21,TEC,Integração técnica,11,DS-FORM-001-TEC-011,Quais métricas de performance serão gates?,technical_delivery,Define brand_definition sem depender de escolhas visuais implícitas.,relationship_matrix,,YES,ALWAYS,Non-empty; specific; no invented facts,Ask the user when the answer cannot be derived safely.,User statement or approved source,brand_definition,"NAO_DETERMINADO — metricas de performance-gate (Core Web Vitals thresholds especificos) nao foram definidas numericamente, apesar de Core Web Vitals ser citado como motivador da escolha de Astro.",PENDING_USER_INPUT,,,,
1.0,DS-FORM-001,BOTH,21,TEC,Integração técnica,12,DS-FORM-001-TEC-012,Qual estratégia permite rollback seguro?,technical_delivery,Define brand_definition sem depender de escolhas visuais implícitas.,structured_text,,YES,ALWAYS,Non-empty; specific; no invented facts,Ask the user when the answer cannot be derived safely.,User statement or approved source,brand_definition,NAO_DETERMINADO — estrategia formal de rollback nao foi definida (ver GOV-002 para versionamento como pre-requisito).,PENDING_USER_INPUT,,,,
1.0,DS-FORM-001,MIGRATION,22,MIG,Auditoria e migração do existente,1,DS-FORM-001-MIG-001,"Quais repositórios, apps, bibliotecas e arquivos devem ser auditados?",migration,Define brand_definition sem depender de escolhas visuais implícitas.,list_of_objects,,YES,FORM_MODE=MIGRATION,Non-empty; specific; no invented facts,Ask the user when the answer cannot be derived safely.,User statement or approved source,brand_definition,N/A_SEM_CODEBASE — este repositorio (Desyng-System-ecossitema.) esta vazio (sem commits antes deste handoff); nao ha repositorios/apps/arquivos de codigo existentes para auditar.,ANSWERED_FROM_EVIDENCE,0.9,estado do repositorio (vazio),,
1.0,DS-FORM-001,MIGRATION,22,MIG,Auditoria e migração do existente,2,DS-FORM-001-MIG-002,Quais fontes de verdade visuais são declaradas hoje?,migration,Define brand_definition sem depender de escolhas visuais implícitas.,list_of_objects,,YES,FORM_MODE=MIGRATION,Non-empty; specific; no invented facts,Ask the user when the answer cannot be derived safely.,User statement or approved source,brand_definition,"SOT declarado: ADR-SYSTEM.md (Accepted). Um candidato concorrente (astro-blog.md, paleta estilo claude.com) foi identificado e arquivado — ver SOT_RESOLUTION.md.",ANSWERED_FROM_EVIDENCE,0.85,design-system/00_GOVERNANCE/SOT_RESOLUTION.md,,
1.0,DS-FORM-001,MIGRATION,22,MIG,Auditoria e migração do existente,3,DS-FORM-001-MIG-003,"Quais tokens, estilos e valores brutos estão em uso real?",migration,Define migration.current_tokens sem depender de escolhas visuais implícitas.,inventory,,YES,FORM_MODE=MIGRATION,"Include file path, token/value and consumer",Inspect code; do not rely only on documentation.,Repository evidence,migration.current_tokens,"N/A_SEM_CODEBASE — nao ha valores brutos em uso real (nenhuma implementacao existe ainda); os unicos valores 'em uso' sao os declarados em documentos de decisao (ADR-SYSTEM.md, astro-blog.md).",ANSWERED_FROM_EVIDENCE,0.85,estado do repositorio (vazio),,
1.0,DS-FORM-001,MIGRATION,22,MIG,Auditoria e migração do existente,4,DS-FORM-001-MIG-004,Quais identidades ou temas coexistem e onde entram em conflito?,migration,Define brand_definition sem depender de escolhas visuais implícitas.,conflict_matrix,,YES,FORM_MODE=MIGRATION,Non-empty; specific; no invented facts,Ask the user when the answer cannot be derived safely.,User statement or approved source,brand_definition,Conflito identificado e resolvido: ADR-SYSTEM.md (Green/Azure/IBM Plex) vs. astro-blog.md (terracota/serif estilo claude.com) para a mesma superficie (Blog). Decisao: ADR-SYSTEM.md prevalece como SOT de cor/tipografia; astro-blog.md e mantido apenas por sua analise de stack e estrutura. Ver SOT_RESOLUTION.md.,ANSWERED_FROM_EVIDENCE,0.85,design-system/00_GOVERNANCE/SOT_RESOLUTION.md,,
1.0,DS-FORM-001,MIGRATION,22,MIG,Auditoria e migração do existente,5,DS-FORM-001-MIG-005,Quais componentes possuem CSS local ou duplicado?,migration,Define brand_definition sem depender de escolhas visuais implícitas.,inventory,,YES,FORM_MODE=MIGRATION,Non-empty; specific; no invented facts,Ask the user when the answer cannot be derived safely.,User statement or approved source,brand_definition,N/A_SEM_CODEBASE — item de auditoria de codigo/CSS existente nao aplicavel; nao ha implementacao anterior neste repositorio para inventariar.,ANSWERED_FROM_EVIDENCE,0.9,estado do repositorio (vazio),,
1.0,DS-FORM-001,MIGRATION,22,MIG,Auditoria e migração do existente,6,DS-FORM-001-MIG-006,Quais fluxos e modelos mentais precisam ser preservados?,migration,Define brand_definition sem depender de escolhas visuais implícitas.,ranked_list,,YES,FORM_MODE=MIGRATION,Non-empty; specific; no invented facts,Ask the user when the answer cannot be derived safely.,User statement or approved source,brand_definition,N/A_SEM_CODEBASE — item de auditoria de codigo/CSS existente nao aplicavel; nao ha implementacao anterior neste repositorio para inventariar.,ANSWERED_FROM_EVIDENCE,0.9,estado do repositorio (vazio),,
1.0,DS-FORM-001,MIGRATION,22,MIG,Auditoria e migração do existente,7,DS-FORM-001-MIG-007,"Quais decisões anteriores foram aprovadas, substituídas ou permanecem pendentes?",migration,Define brand_definition sem depender de escolhas visuais implícitas.,decision_register,,YES,FORM_MODE=MIGRATION,Non-empty; specific; no invented facts,Ask the user when the answer cannot be derived safely.,User statement or approved source,brand_definition,N/A_SEM_CODEBASE — item de auditoria de codigo/CSS existente nao aplicavel; nao ha implementacao anterior neste repositorio para inventariar.,ANSWERED_FROM_EVIDENCE,0.9,estado do repositorio (vazio),,
1.0,DS-FORM-001,MIGRATION,22,MIG,Auditoria e migração do existente,8,DS-FORM-001-MIG-008,"Quais ativos possuem direitos, qualidade e formatos adequados?",migration,Define brand_definition sem depender de escolhas visuais implícitas.,asset_inventory,,YES,FORM_MODE=MIGRATION,Non-empty; specific; no invented facts,Ask the user when the answer cannot be derived safely.,User statement or approved source,brand_definition,N/A_SEM_CODEBASE — item de auditoria de codigo/CSS existente nao aplicavel; nao ha implementacao anterior neste repositorio para inventariar.,ANSWERED_FROM_EVIDENCE,0.9,estado do repositorio (vazio),,
1.0,DS-FORM-001,MIGRATION,22,MIG,Auditoria e migração do existente,9,DS-FORM-001-MIG-009,Quais componentes podem ser reutilizados sem herdar o visual?,migration,Define brand_definition sem depender de escolhas visuais implícitas.,list_of_objects,,NO,FORM_MODE=MIGRATION,Non-empty; specific; no invented facts,Ask the user when the answer cannot be derived safely.,User statement or approved source,brand_definition,N/A_SEM_CODEBASE — item de auditoria de codigo/CSS existente nao aplicavel; nao ha implementacao anterior neste repositorio para inventariar.,ANSWERED_FROM_EVIDENCE,0.9,estado do repositorio (vazio),,
1.0,DS-FORM-001,MIGRATION,22,MIG,Auditoria e migração do existente,10,DS-FORM-001-MIG-010,Quais estilos devem ser descartados completamente?,migration,Define brand_definition sem depender de escolhas visuais implícitas.,list_of_objects,,YES,FORM_MODE=MIGRATION,Non-empty; specific; no invented facts,Ask the user when the answer cannot be derived safely.,User statement or approved source,brand_definition,N/A_SEM_CODEBASE — item de auditoria de codigo/CSS existente nao aplicavel; nao ha implementacao anterior neste repositorio para inventariar.,ANSWERED_FROM_EVIDENCE,0.9,estado do repositorio (vazio),,
1.0,DS-FORM-001,MIGRATION,22,MIG,Auditoria e migração do existente,11,DS-FORM-001-MIG-011,Qual matriz old-token para new-token deve ser gerada?,migration,Define brand_definition sem depender de escolhas visuais implícitas.,mapping_matrix,,YES,FORM_MODE=MIGRATION,Non-empty; specific; no invented facts,Ask the user when the answer cannot be derived safely.,User statement or approved source,brand_definition,N/A_SEM_CODEBASE — item de auditoria de codigo/CSS existente nao aplicavel; nao ha implementacao anterior neste repositorio para inventariar.,ANSWERED_FROM_EVIDENCE,0.9,estado do repositorio (vazio),,
1.0,DS-FORM-001,MIGRATION,22,MIG,Auditoria e migração do existente,12,DS-FORM-001-MIG-012,Qual ordem de migração reduz risco e retrabalho?,migration,Define brand_definition sem depender de escolhas visuais implícitas.,ordered_list,,YES,FORM_MODE=MIGRATION,Non-empty; specific; no invented facts,Ask the user when the answer cannot be derived safely.,User statement or approved source,brand_definition,N/A_SEM_CODEBASE — item de auditoria de codigo/CSS existente nao aplicavel; nao ha implementacao anterior neste repositorio para inventariar.,ANSWERED_FROM_EVIDENCE,0.9,estado do repositorio (vazio),,
1.0,DS-FORM-001,MIGRATION,22,MIG,Auditoria e migração do existente,13,DS-FORM-001-MIG-013,Quais gates comprovam equivalência funcional antes de remover o legado?,migration,Define brand_definition sem depender de escolhas visuais implícitas.,list_of_objects,,YES,FORM_MODE=MIGRATION,Non-empty; specific; no invented facts,Ask the user when the answer cannot be derived safely.,User statement or approved source,brand_definition,N/A_SEM_CODEBASE — item de auditoria de codigo/CSS existente nao aplicavel; nao ha implementacao anterior neste repositorio para inventariar.,ANSWERED_FROM_EVIDENCE,0.9,estado do repositorio (vazio),,
1.0,DS-FORM-001,MIGRATION,22,MIG,Auditoria e migração do existente,14,DS-FORM-001-MIG-014,Quais exceções temporárias possuem owner e data de remoção?,migration,Define brand_definition sem depender de escolhas visuais implícitas.,list_of_objects,,YES,FORM_MODE=MIGRATION,Non-empty; specific; no invented facts,Ask the user when the answer cannot be derived safely.,User statement or approved source,brand_definition,N/A_SEM_CODEBASE — item de auditoria de codigo/CSS existente nao aplicavel; nao ha implementacao anterior neste repositorio para inventariar.,ANSWERED_FROM_EVIDENCE,0.9,estado do repositorio (vazio),,
1.0,DS-FORM-001,MIGRATION,22,MIG,Auditoria e migração do existente,15,DS-FORM-001-MIG-015,Qual rollback será usado por superfície?,migration,Define brand_definition sem depender de escolhas visuais implícitas.,relationship_matrix,,YES,FORM_MODE=MIGRATION,Non-empty; specific; no invented facts,Ask the user when the answer cannot be derived safely.,User statement or approved source,brand_definition,N/A_SEM_CODEBASE — item de auditoria de codigo/CSS existente nao aplicavel; nao ha implementacao anterior neste repositorio para inventariar.,ANSWERED_FROM_EVIDENCE,0.9,estado do repositorio (vazio),,
1.0,DS-FORM-001,BOTH,23,GOV,Governança e ciclo de vida,1,DS-FORM-001-GOV-001,"Quem pode propor, aprovar, implementar e publicar mudanças?",governance,Define brand_definition sem depender de escolhas visuais implícitas.,responsibility_matrix,,YES,ALWAYS,Non-empty; specific; no invented facts,Ask the user when the answer cannot be derived safely.,User statement or approved source,brand_definition,"NAO_DETERMINADO — processo de governanca (aprovadores, SLA, cadencia de auditoria, metricas de adocao) e uma decisao organizacional nao presente nos documentos fornecidos.",PENDING_USER_INPUT,,,,
1.0,DS-FORM-001,BOTH,23,GOV,Governança e ciclo de vida,2,DS-FORM-001-GOV-002,Qual versionamento será adotado?,governance,Define brand_definition sem depender de escolhas visuais implícitas.,single_select,semantic_versioning|calendar_versioning|custom,YES,ALWAYS,Non-empty; specific; no invented facts,Ask the user when the answer cannot be derived safely.,User statement or approved source,brand_definition,semantic_versioning (SemVer) para o pacote packages/design-tokens — convencao padrao para pacotes de workspace consumidos por multiplos apps.,ANSWERED_FROM_EVIDENCE,0.5,Prompt.md,,
1.0,DS-FORM-001,BOTH,23,GOV,Governança e ciclo de vida,3,DS-FORM-001-GOV-003,Quais estados de lifecycle devem existir?,governance,Define brand_definition sem depender de escolhas visuais implícitas.,ordered_list,draft|review|approved|implemented|tested|verified|published|deprecated|archived,YES,ALWAYS,Non-empty; specific; no invented facts,Ask the user when the answer cannot be derived safely.,User statement or approved source,brand_definition,"draft, review, approved, implemented, tested, verified, published, deprecated, archived — lista completa ja fornecida como opcao no proprio formulario; adotada como o ciclo de vida padrao.",ANSWERED_FROM_EVIDENCE,0.6,DS-FORM-001 (opcoes da propria pergunta),,
1.0,DS-FORM-001,BOTH,23,GOV,Governança e ciclo de vida,4,DS-FORM-001-GOV-004,Qual evidência é necessária para avançar em cada estado?,governance,Define brand_definition sem depender de escolhas visuais implícitas.,relationship_matrix,,YES,ALWAYS,Non-empty; specific; no invented facts,Ask the user when the answer cannot be derived safely.,User statement or approved source,brand_definition,"NAO_DETERMINADO — processo de governanca (aprovadores, SLA, cadencia de auditoria, metricas de adocao) e uma decisao organizacional nao presente nos documentos fornecidos.",PENDING_USER_INPUT,,,,
1.0,DS-FORM-001,BOTH,23,GOV,Governança e ciclo de vida,5,DS-FORM-001-GOV-005,Como decisões serão registradas em ADR ou decision log?,governance,Define brand_definition sem depender de escolhas visuais implícitas.,structured_text,,YES,ALWAYS,Non-empty; specific; no invented facts,Ask the user when the answer cannot be derived safely.,User statement or approved source,brand_definition,"NAO_DETERMINADO — processo de governanca (aprovadores, SLA, cadencia de auditoria, metricas de adocao) e uma decisao organizacional nao presente nos documentos fornecidos.",PENDING_USER_INPUT,,,,
1.0,DS-FORM-001,BOTH,23,GOV,Governança e ciclo de vida,6,DS-FORM-001-GOV-006,Como requests de novos componentes e tokens serão avaliados?,governance,Define brand_definition sem depender de escolhas visuais implícitas.,structured_text,,YES,ALWAYS,Non-empty; specific; no invented facts,Ask the user when the answer cannot be derived safely.,User statement or approved source,brand_definition,"NAO_DETERMINADO — processo de governanca (aprovadores, SLA, cadencia de auditoria, metricas de adocao) e uma decisao organizacional nao presente nos documentos fornecidos.",PENDING_USER_INPUT,,,,
1.0,DS-FORM-001,BOTH,23,GOV,Governança e ciclo de vida,7,DS-FORM-001-GOV-007,Qual SLA de revisão e manutenção é esperado?,governance,Define brand_definition sem depender de escolhas visuais implícitas.,structured_text,,YES,ALWAYS,Non-empty; specific; no invented facts,Ask the user when the answer cannot be derived safely.,User statement or approved source,brand_definition,"NAO_DETERMINADO — processo de governanca (aprovadores, SLA, cadencia de auditoria, metricas de adocao) e uma decisao organizacional nao presente nos documentos fornecidos.",PENDING_USER_INPUT,,,,
1.0,DS-FORM-001,BOTH,23,GOV,Governança e ciclo de vida,8,DS-FORM-001-GOV-008,Como documentação e exemplos permanecem sincronizados com o código?,governance,Define brand_definition sem depender de escolhas visuais implícitas.,structured_text,,YES,ALWAYS,Non-empty; specific; no invented facts,Ask the user when the answer cannot be derived safely.,User statement or approved source,brand_definition,"NAO_DETERMINADO — processo de governanca (aprovadores, SLA, cadencia de auditoria, metricas de adocao) e uma decisao organizacional nao presente nos documentos fornecidos.",PENDING_USER_INPUT,,,,
1.0,DS-FORM-001,BOTH,23,GOV,Governança e ciclo de vida,9,DS-FORM-001-GOV-009,Como breaking changes são comunicadas?,governance,Define brand_definition sem depender de escolhas visuais implícitas.,structured_text,,YES,ALWAYS,Non-empty; specific; no invented facts,Ask the user when the answer cannot be derived safely.,User statement or approved source,brand_definition,"NAO_DETERMINADO — processo de governanca (aprovadores, SLA, cadencia de auditoria, metricas de adocao) e uma decisao organizacional nao presente nos documentos fornecidos.",PENDING_USER_INPUT,,,,
1.0,DS-FORM-001,BOTH,23,GOV,Governança e ciclo de vida,10,DS-FORM-001-GOV-010,"Quais métricas indicarão adoção, consistência e dívida visual?",governance,Define brand_definition sem depender de escolhas visuais implícitas.,relationship_matrix,,YES,ALWAYS,Non-empty; specific; no invented facts,Ask the user when the answer cannot be derived safely.,User statement or approved source,brand_definition,"NAO_DETERMINADO — processo de governanca (aprovadores, SLA, cadencia de auditoria, metricas de adocao) e uma decisao organizacional nao presente nos documentos fornecidos.",PENDING_USER_INPUT,,,,
1.0,DS-FORM-001,BOTH,23,GOV,Governança e ciclo de vida,11,DS-FORM-001-GOV-011,Como exceções são registradas e expiradas?,governance,Define brand_definition sem depender de escolhas visuais implícitas.,structured_text,,YES,ALWAYS,Non-empty; specific; no invented facts,Ask the user when the answer cannot be derived safely.,User statement or approved source,brand_definition,"NAO_DETERMINADO — processo de governanca (aprovadores, SLA, cadencia de auditoria, metricas de adocao) e uma decisao organizacional nao presente nos documentos fornecidos.",PENDING_USER_INPUT,,,,
1.0,DS-FORM-001,BOTH,23,GOV,Governança e ciclo de vida,12,DS-FORM-001-GOV-012,Qual cadência de auditoria do sistema será adotada?,governance,Define brand_definition sem depender de escolhas visuais implícitas.,single_select,monthly|quarterly|semiannual|annual|event_based,YES,ALWAYS,Non-empty; specific; no invented facts,Ask the user when the answer cannot be derived safely.,User statement or approved source,brand_definition,"NAO_DETERMINADO — processo de governanca (aprovadores, SLA, cadencia de auditoria, metricas de adocao) e uma decisao organizacional nao presente nos documentos fornecidos.",PENDING_USER_INPUT,,,,
1.0,DS-FORM-001,BOTH,24,QAT,QA e critérios de aprovação,1,DS-FORM-001-QAT-001,Quais viewports e dispositivos compõem a matriz de QA?,quality_assurance,Define brand_definition sem depender de escolhas visuais implícitas.,list_of_objects,,YES,ALWAYS,Non-empty; specific; no invented facts,Ask the user when the answer cannot be derived safely.,User statement or approved source,brand_definition,"Mobile 390px, Tablet 834px, Desktop 1440px — mesma matriz de breakpoints usada no roteiro de validacao visual de astro-blog.md (secao 6.2), alinhada aos breakpoints tablet(768)/desktop(1024) dos tokens.",ANSWERED_FROM_EVIDENCE,0.5,astro-blog.md (arquitetura),,
1.0,DS-FORM-001,BOTH,24,QAT,QA e critérios de aprovação,2,DS-FORM-001-QAT-002,"Quais combinações de tema, modo cognitivo e canal devem ser testadas?",quality_assurance,Define brand_definition sem depender de escolhas visuais implícitas.,test_matrix,,YES,ALWAYS,Non-empty; specific; no invented facts,Ask the user when the answer cannot be derived safely.,User statement or approved source,brand_definition,"NAO_DETERMINADO — matriz de QA, tolerancias de regressao, suporte de browser/dispositivo e criterios de sign-off sao decisoes de processo nao presentes nos documentos fornecidos.",PENDING_USER_INPUT,,,,
1.0,DS-FORM-001,BOTH,24,QAT,QA e critérios de aprovação,3,DS-FORM-001-QAT-003,Quais conteúdos extremos serão usados para stress test?,quality_assurance,Define brand_definition sem depender de escolhas visuais implícitas.,list_of_objects,,YES,ALWAYS,Non-empty; specific; no invented facts,Ask the user when the answer cannot be derived safely.,User statement or approved source,brand_definition,"NAO_DETERMINADO — matriz de QA, tolerancias de regressao, suporte de browser/dispositivo e criterios de sign-off sao decisoes de processo nao presentes nos documentos fornecidos.",PENDING_USER_INPUT,,,,
1.0,DS-FORM-001,BOTH,24,QAT,QA e critérios de aprovação,4,DS-FORM-001-QAT-004,"Quais critérios de contraste, teclado, leitor de tela, zoom e reflow devem passar?",quality_assurance,Define brand_definition sem depender de escolhas visuais implícitas.,checklist,,YES,ALWAYS,Non-empty; specific; no invented facts,Ask the user when the answer cannot be derived safely.,User statement or approved source,brand_definition,"Contraste AA (4.5:1/3:1), navegacao 100% por teclado, leitor de tela sem armadilhas de foco, zoom 200% sem perda de conteudo, reflow sem scroll horizontal — baseline de SPEC-ACCESSIBILITY-001.",ANSWERED_FROM_EVIDENCE,0.65,ADR-SYSTEM.md,,
1.0,DS-FORM-001,BOTH,24,QAT,QA e critérios de aprovação,5,DS-FORM-001-QAT-005,Quais tolerâncias de regressão visual são aceitáveis?,quality_assurance,Define brand_definition sem depender de escolhas visuais implícitas.,structured_text,,YES,ALWAYS,Non-empty; specific; no invented facts,Ask the user when the answer cannot be derived safely.,User statement or approved source,brand_definition,"NAO_DETERMINADO — matriz de QA, tolerancias de regressao, suporte de browser/dispositivo e criterios de sign-off sao decisoes de processo nao presentes nos documentos fornecidos.",PENDING_USER_INPUT,,,,
1.0,DS-FORM-001,BOTH,24,QAT,QA e critérios de aprovação,6,DS-FORM-001-QAT-006,"Quais browsers, sistemas e versões possuem suporte obrigatório?",quality_assurance,Define brand_definition sem depender de escolhas visuais implícitas.,list_of_objects,,YES,ALWAYS,Non-empty; specific; no invented facts,Ask the user when the answer cannot be derived safely.,User statement or approved source,brand_definition,"NAO_DETERMINADO — matriz de QA, tolerancias de regressao, suporte de browser/dispositivo e criterios de sign-off sao decisoes de processo nao presentes nos documentos fornecidos.",PENDING_USER_INPUT,,,,
1.0,DS-FORM-001,BOTH,24,QAT,QA e critérios de aprovação,7,DS-FORM-001-QAT-007,Quais provas digitais e físicas exigem aprovação humana?,quality_assurance,Define brand_definition sem depender de escolhas visuais implícitas.,list_of_objects,,YES,ALWAYS,Non-empty; specific; no invented facts,Ask the user when the answer cannot be derived safely.,User statement or approved source,brand_definition,"NAO_DETERMINADO — matriz de QA, tolerancias de regressao, suporte de browser/dispositivo e criterios de sign-off sao decisoes de processo nao presentes nos documentos fornecidos.",PENDING_USER_INPUT,,,,
1.0,DS-FORM-001,BOTH,24,QAT,QA e critérios de aprovação,8,DS-FORM-001-QAT-008,Como defeitos são classificados por severidade?,quality_assurance,Define brand_definition sem depender de escolhas visuais implícitas.,structured_text,,YES,ALWAYS,Non-empty; specific; no invented facts,Ask the user when the answer cannot be derived safely.,User statement or approved source,brand_definition,"NAO_DETERMINADO — matriz de QA, tolerancias de regressao, suporte de browser/dispositivo e criterios de sign-off sao decisoes de processo nao presentes nos documentos fornecidos.",PENDING_USER_INPUT,,,,
1.0,DS-FORM-001,BOTH,24,QAT,QA e critérios de aprovação,9,DS-FORM-001-QAT-009,"Qual definição de pronto existe para tokens, componente, template e canal?",quality_assurance,Define brand_definition sem depender de escolhas visuais implícitas.,relationship_matrix,,YES,ALWAYS,Non-empty; specific; no invented facts,Ask the user when the answer cannot be derived safely.,User statement or approved source,brand_definition,"NAO_DETERMINADO — matriz de QA, tolerancias de regressao, suporte de browser/dispositivo e criterios de sign-off sao decisoes de processo nao presentes nos documentos fornecidos.",PENDING_USER_INPUT,,,,
1.0,DS-FORM-001,BOTH,24,QAT,QA e critérios de aprovação,10,DS-FORM-001-QAT-010,Quais estados não equivalentes devem ser preservados nos relatórios?,quality_assurance,Define brand_definition sem depender de escolhas visuais implícitas.,ordered_list,existing|defined|approved|implemented|tested|verified|published,YES,ALWAYS,Non-empty; specific; no invented facts,Ask the user when the answer cannot be derived safely.,User statement or approved source,brand_definition,"existing, defined, approved, implemented, tested, verified, published — lista completa ja fornecida como opcao no proprio formulario; adotada.",ANSWERED_FROM_EVIDENCE,0.6,DS-FORM-001 (opcoes da propria pergunta),,
1.0,DS-FORM-001,BOTH,24,QAT,QA e critérios de aprovação,11,DS-FORM-001-QAT-011,Quais métricas de usabilidade precisam ser medidas?,quality_assurance,Define brand_definition sem depender de escolhas visuais implícitas.,relationship_matrix,,YES,ALWAYS,Non-empty; specific; no invented facts,Ask the user when the answer cannot be derived safely.,User statement or approved source,brand_definition,"NAO_DETERMINADO — matriz de QA, tolerancias de regressao, suporte de browser/dispositivo e criterios de sign-off sao decisoes de processo nao presentes nos documentos fornecidos.",PENDING_USER_INPUT,,,,
1.0,DS-FORM-001,BOTH,24,QAT,QA e critérios de aprovação,12,DS-FORM-001-QAT-012,Quem assina o gate final de publicação?,quality_assurance,Define brand_definition sem depender de escolhas visuais implícitas.,short_text,,YES,ALWAYS,Named role or NAO_DETERMINADO,Ask the user when the answer cannot be derived safely.,User statement or approved source,brand_definition,"NAO_DETERMINADO — matriz de QA, tolerancias de regressao, suporte de browser/dispositivo e criterios de sign-off sao decisoes de processo nao presentes nos documentos fornecidos.",PENDING_USER_INPUT,,,,
1.0,DS-FORM-001,BOTH,25,OUT,Contrato de entregáveis finais,1,DS-FORM-001-OUT-001,Entregar estratégia e arquitetura de marca completas?,deliverables,Define brand_definition sem depender de escolhas visuais implícitas.,acceptance,YES|NO,YES,ALWAYS,YES required for completion,Ask the user when the answer cannot be derived safely.,User statement or approved source,brand_definition,NAO — estrategia e arquitetura de marca completas NAO foram entregues (secoes STR/ARC ficaram PENDING_USER_INPUT; ver OPEN_QUESTIONS.md).,PENDING_USER_INPUT,,,,
1.0,DS-FORM-001,BOTH,25,OUT,Contrato de entregáveis finais,2,DS-FORM-001-OUT-002,"Entregar posicionamento, personalidade e identidade verbal completas?",deliverables,Define brand_definition sem depender de escolhas visuais implícitas.,acceptance,YES|NO,YES,ALWAYS,YES required for completion,Ask the user when the answer cannot be derived safely.,User statement or approved source,brand_definition,"NAO — posicionamento, personalidade e identidade verbal completos NAO foram entregues (secoes POS/VER majoritariamente PENDING_USER_INPUT).",PENDING_USER_INPUT,,,,
1.0,DS-FORM-001,BOTH,25,OUT,Contrato de entregáveis finais,3,DS-FORM-001-OUT-003,"Entregar naming e sistema de assinatura, quando aplicáveis?",deliverables,Define brand_definition sem depender de escolhas visuais implícitas.,acceptance,YES|NO|NA,YES,ALWAYS,YES or NA with rationale,Ask the user when the answer cannot be derived safely.,User statement or approved source,brand_definition,NAO — naming e sistema de assinatura formais NAO foram entregues (secao NAM majoritariamente PENDING_USER_INPUT).,PENDING_USER_INPUT,,,,
1.0,DS-FORM-001,BOTH,25,OUT,Contrato de entregáveis finais,4,DS-FORM-001-OUT-004,Entregar 2 a 4 direções criativas comparáveis e decisão aprovada?,deliverables,Define brand_definition sem depender de escolhas visuais implícitas.,acceptance,YES|NO,YES,FORM_MODE=ZERO_BASE,YES required for zero-base completion,Ask the user when the answer cannot be derived safely.,User statement or approved source,brand_definition,"NA — nao aplicavel: a rota escolhida foi MIGRATION, nao ZERO_BASE (ver CTL-001); nao ha 2-4 direcoes criativas comparaveis a entregar.",ANSWERED_FROM_EVIDENCE,0.8,CTL-001,,
1.0,DS-FORM-001,BOTH,25,OUT,Contrato de entregáveis finais,5,DS-FORM-001-OUT-005,Entregar sistema de logo e arquivos mestres?,deliverables,Define brand_definition sem depender de escolhas visuais implícitas.,acceptance,YES|NO,YES,ALWAYS,YES required for completion,Ask the user when the answer cannot be derived safely.,User statement or approved source,brand_definition,NAO — sistema de logo e arquivos mestres NAO foram entregues (secao LOG majoritariamente PENDING_USER_INPUT; nenhum logo existe ainda).,PENDING_USER_INPUT,,,,
1.0,DS-FORM-001,BOTH,25,OUT,Contrato de entregáveis finais,6,DS-FORM-001-OUT-006,"Entregar sistemas de cor, tipografia, grid, raio, borda e elevação?",deliverables,Define brand_definition sem depender de escolhas visuais implícitas.,acceptance,YES|NO,YES,ALWAYS,YES required for completion,Ask the user when the answer cannot be derived safely.,User statement or approved source,brand_definition,"SIM — sistemas de cor, tipografia, grid, raio, borda e elevacao foram entregues neste package (DESIGN-SPEC.md + tokens/design-tokens.json + variables.css + theme.css).",ANSWERED_FROM_EVIDENCE,0.85,design-system/DESIGN-SPEC.md,,
1.0,DS-FORM-001,BOTH,25,OUT,Contrato de entregáveis finais,7,DS-FORM-001-OUT-007,"Entregar iconografia, ilustração, fotografia e mídia?",deliverables,Define brand_definition sem depender de escolhas visuais implícitas.,acceptance,YES|NO|NA,YES,ALWAYS,YES or NA with rationale,Ask the user when the answer cannot be derived safely.,User statement or approved source,brand_definition,"NA — iconografia (biblioteca sugerida) foi parcialmente inferida (ICO-002), mas ilustracao, fotografia e midia completas NAO foram entregues.",PENDING_USER_INPUT,,,,
1.0,DS-FORM-001,BOTH,25,OUT,Contrato de entregáveis finais,8,DS-FORM-001-OUT-008,Entregar visualização de dados e linguagem de evidências?,deliverables,Define brand_definition sem depender de escolhas visuais implícitas.,acceptance,YES|NO|NA,YES,ALWAYS,YES or NA with rationale,Ask the user when the answer cannot be derived safely.,User statement or approved source,brand_definition,NAO — visualizacao de dados e linguagem de evidencias formais NAO foram entregues (secao DAT majoritariamente PENDING_USER_INPUT).,PENDING_USER_INPUT,,,,
1.0,DS-FORM-001,BOTH,25,OUT,Contrato de entregáveis finais,9,DS-FORM-001-OUT-009,"Entregar motion, estados, responsividade e acessibilidade?",deliverables,Define brand_definition sem depender de escolhas visuais implícitas.,acceptance,YES|NO,YES,ALWAYS,YES required for completion,Ask the user when the answer cannot be derived safely.,User statement or approved source,brand_definition,"SIM — motion, estados, responsividade e acessibilidade basicos foram entregues (MOTION-SPEC.md, RESPONSIVE-SPEC.md, ACCESSIBILITY.md), com itens residuais listados em OPEN_QUESTIONS.md.",ANSWERED_FROM_EVIDENCE,0.7,design-system/MOTION-SPEC.md; design-system/RESPONSIVE-SPEC.md; design-system/ACCESSIBILITY.md,,
1.0,DS-FORM-001,BOTH,25,OUT,Contrato de entregáveis finais,10,DS-FORM-001-OUT-010,"Entregar tokens DTCG e builds CSS, TypeScript, Tailwind, Tamagui e print?",deliverables,Define brand_definition sem depender de escolhas visuais implícitas.,acceptance,YES|NO|NA,YES,ALWAYS,Each NA requires technical rationale,Ask the user when the answer cannot be derived safely.,User statement or approved source,brand_definition,"PARCIAL — JSON, YAML, CSS variables e TypeScript/Tamagui foram entregues (tokens/); build Tailwind config e export print_css/Figma NAO foram gerados nesta entrega.",ANSWERED_FROM_EVIDENCE,0.7,design-system/tokens/,,
1.0,DS-FORM-001,BOTH,25,OUT,Contrato de entregáveis finais,11,DS-FORM-001-OUT-011,Entregar biblioteca de componentes e Storybook?,deliverables,Define brand_definition sem depender de escolhas visuais implícitas.,acceptance,YES|NO|NA,YES,ALWAYS,YES for digital products; NA otherwise,Ask the user when the answer cannot be derived safely.,User statement or approved source,brand_definition,NAO — biblioteca de componentes implementada e Storybook NAO foram entregues; apenas a especificacao (COMPONENT-SPEC.md) foi produzida.,PENDING_USER_INPUT,,,,
1.0,DS-FORM-001,BOTH,25,OUT,Contrato de entregáveis finais,12,DS-FORM-001-OUT-012,"Entregar templates de SaaS, blog, mobile, e-mail, apresentação e social?",deliverables,Define brand_definition sem depender de escolhas visuais implícitas.,acceptance,YES|NO|NA,YES,ALWAYS,Match selected channels,Ask the user when the answer cannot be derived safely.,User statement or approved source,brand_definition,NAO — templates completos de SaaS/blog/mobile/e-mail/apresentacao/social NAO foram entregues; apenas o layout do post/listagem de blog foi especificado (astro-blog.md).,PENDING_USER_INPUT,,,,
1.0,DS-FORM-001,BOTH,25,OUT,Contrato de entregáveis finais,13,DS-FORM-001-OUT-013,"Entregar templates A4, A3, Prisma e modo monocromático?",deliverables,Define brand_definition sem depender de escolhas visuais implícitas.,acceptance,YES|NO|NA,YES,ALWAYS,Match selected print channels,Ask the user when the answer cannot be derived safely.,User statement or approved source,brand_definition,"NA — nenhum canal de impressao (A4/A3/Prisma) foi confirmado para a primeira versao (ver CHN-002, pendente); portanto templates de impressao nao se aplicam ainda.",ANSWERED_FROM_EVIDENCE,0.5,CHN-002,,
1.0,DS-FORM-001,BOTH,25,OUT,Contrato de entregáveis finais,14,DS-FORM-001-OUT-014,"Entregar documentação, changelog, decision log e regras de contribuição?",deliverables,Define brand_definition sem depender de escolhas visuais implícitas.,acceptance,YES|NO,YES,ALWAYS,YES required for completion,Ask the user when the answer cannot be derived safely.,User statement or approved source,brand_definition,"SIM — documentacao (README.md, DESIGN-SPEC.md e demais specs), CHANGELOG.md e este decision log (SOT_RESOLUTION.md + TRACEABILITY.md) foram entregues. Regras de contribuicao formais ainda nao existem.",ANSWERED_FROM_EVIDENCE,0.7,design-system/README.md,,
1.0,DS-FORM-001,BOTH,25,OUT,Contrato de entregáveis finais,15,DS-FORM-001-OUT-015,"Entregar matriz de QA, evidências e relatório dos gates?",deliverables,Define brand_definition sem depender de escolhas visuais implícitas.,acceptance,YES|NO,YES,ALWAYS,YES required for completion,Ask the user when the answer cannot be derived safely.,User statement or approved source,brand_definition,"NAO — matriz de QA executada e relatorio de gates NAO existem; apenas os checklists (qa/visual-checklist.md, qa/implementation-checklist.md) foram produzidos como criterio a ser aplicado.",PENDING_USER_INPUT,,,,
1.0,DS-FORM-001,BOTH,25,OUT,Contrato de entregáveis finais,16,DS-FORM-001-OUT-016,"Entregar plano de migração e rollback, quando aplicável?",deliverables,Define brand_definition sem depender de escolhas visuais implícitas.,acceptance,YES|NO|NA,YES,FORM_MODE=MIGRATION,YES required for migration,Ask the user when the answer cannot be derived safely.,User statement or approved source,brand_definition,"NA — modo MIGRATION foi selecionado, mas nao ha implementacao anterior neste repositorio (greenfield) para migrar/reverter; plano de migracao de codigo nao se aplica.",ANSWERED_FROM_EVIDENCE,0.7,MIG-001,,
1.0,DS-FORM-001,BOTH,25,OUT,Contrato de entregáveis finais,17,DS-FORM-001-OUT-017,Confirmar que nenhuma decisão inferida foi declarada como aprovada ou verificada?,deliverables,Define brand_definition sem depender de escolhas visuais implícitas.,acceptance,YES|NO,YES,ALWAYS,YES required for completion,Ask the user when the answer cannot be derived safely.,User statement or approved source,brand_definition,SIM — toda resposta deste formulario classificada como INFERRED/NORMALIZED/RECOMMENDED/ESTIMADO esta sinalizada como tal na coluna response e nunca foi declarada como aprovada ou verificada.,ANSWERED_FROM_EVIDENCE,0.85,esta planilha (colunas response/response_status/confidence),,
1.0,DS-FORM-001,BOTH,25,OUT,Contrato de entregáveis finais,18,DS-FORM-001-OUT-018,Confirmar que o sistema possui uma única fonte canônica e adaptadores por canal?,deliverables,Define brand_definition sem depender de escolhas visuais implícitas.,acceptance,YES|NO,YES,ALWAYS,YES required for completion,Ask the user when the answer cannot be derived safely.,User statement or approved source,brand_definition,"SIM — o sistema possui uma fonte canonica unica (tokens/design-tokens.json) da qual todos os demais formatos (YAML/CSS/TS) sao derivados programaticamente, com adaptadores por plataforma (Web/CSS, Native/Tamagui).",ANSWERED_FROM_EVIDENCE,0.75,design-system/tokens/design-tokens.json,,
